Timestamp,Ping Time (ms)
2025-02-19 16:42:19,4.97
2025-02-19 16:42:19,4.93
2025-02-19 16:42:19,3.89
2025-02-19 16:42:19,4.42
2025-02-19 16:42:19,4.60
2025-02-19 16:42:19,4.59
2025-02-19 16:42:19,6.57
2025-02-19 16:42:20,3.15
2025-02-19 16:42:20,1.45
2025-02-19 16:42:20,6.74
2025-02-19 16:42:20,3.45
2025-02-19 16:42:20,5.34
2025-02-19 16:42:20,6.06
2025-02-19 16:42:20,7.33
2025-02-19 16:42:20,7.28
2025-02-19 16:42:20,9.37
2025-02-19 16:42:21,9.39
2025-02-19 16:42:21,6.68
2025-02-19 16:42:21,1.73
2025-02-19 16:42:21,6.94
2025-02-19 16:42:21,1.49
2025-02-19 16:42:21,6.68
2025-02-19 16:42:21,9.80
2025-02-19 16:42:21,5.54
2025-02-19 16:42:21,12.9
2025-02-19 16:42:22,10.4
2025-02-19 16:42:22,6.29
2025-02-19 16:42:22,4.51
2025-02-19 16:42:22,3.91
2025-02-19 16:42:22,3.90
2025-02-19 16:42:22,3.66
2025-02-19 16:42:22,9.72
2025-02-19 16:42:22,7.23
2025-02-19 16:42:22,4.59
2025-02-19 16:42:23,3.73
2025-02-19 16:42:23,3.55
2025-02-19 16:42:23,4.23
2025-02-19 16:42:23,6.15
2025-02-19 16:42:23,7.00
2025-02-19 16:42:23,4.11
2025-02-19 16:42:23,8.87
2025-02-19 16:42:23,6.90
2025-02-19 16:42:23,4.13
2025-02-19 16:42:24,5.73
2025-02-19 16:42:24,4.84
2025-02-19 16:42:24,4.56
2025-02-19 16:42:24,6.14
2025-02-19 16:42:24,2.83
2025-02-19 16:42:24,3.88
2025-02-19 16:42:24,4.84
2025-02-19 16:42:24,3.69
2025-02-19 16:42:24,4.60
2025-02-19 16:42:25,6.88
2025-02-19 16:42:25,5.33
2025-02-19 16:42:25,2.86
2025-02-19 16:42:25,8.09
2025-02-19 16:42:25,3.02
2025-02-19 16:42:25,5.09
2025-02-19 16:42:25,4.10
2025-02-19 16:42:25,7.38
2025-02-19 16:42:25,2.59
2025-02-19 16:42:25,3.56
2025-02-19 16:42:26,2.88
2025-02-19 16:42:26,3.37
2025-02-19 16:42:26,2.26
2025-02-19 16:42:26,1.92
2025-02-19 16:42:26,8.27
2025-02-19 16:42:26,10.4
2025-02-19 16:42:26,10.9
2025-02-19 16:42:26,3.90
2025-02-19 16:42:26,9.30
2025-02-19 16:42:27,2.18
2025-02-19 16:42:27,1.85
2025-02-19 16:42:27,6.19
2025-02-19 16:42:27,3.72
2025-02-19 16:42:27,1.85
2025-02-19 16:42:27,2.05
2025-02-19 16:42:27,7.29
2025-02-19 16:42:27,7.33
2025-02-19 16:42:27,3.92
2025-02-19 16:42:28,9.42
2025-02-19 16:42:28,5.86
2025-02-19 16:42:28,1.94
2025-02-19 16:42:28,3.02
2025-02-19 16:42:28,9.26
2025-02-19 16:42:28,5.74
2025-02-19 16:42:28,3.31
2025-02-19 16:42:28,4.81
2025-02-19 16:42:28,9.22
2025-02-19 16:42:29,3.17
2025-02-19 16:42:29,5.88
2025-02-19 16:42:29,2.95
2025-02-19 16:42:29,3.52
2025-02-19 16:42:29,2.37
2025-02-19 16:42:29,7.65
2025-02-19 16:42:29,1.72
2025-02-19 16:42:29,1.60
2025-02-19 16:42:29,2.86
2025-02-19 16:42:30,6.85
2025-02-19 16:42:30,10.8
2025-02-19 16:42:30,4.93
2025-02-19 16:42:30,5.01
2025-02-19 16:42:30,2.58
2025-02-19 16:42:30,6.94
2025-02-19 16:42:30,5.84
2025-02-19 16:42:30,5.25
2025-02-19 16:42:30,4.39
2025-02-19 16:42:31,5.30
2025-02-19 16:42:31,1.49
2025-02-19 16:42:31,4.54
2025-02-19 16:42:31,5.27
2025-02-19 16:42:31,2.21
2025-02-19 16:42:31,5.88
2025-02-19 16:42:31,5.11
2025-02-19 16:42:31,3.28
2025-02-19 16:42:31,7.92
2025-02-19 16:42:32,3.32
2025-02-19 16:42:32,6.61
2025-02-19 16:42:32,1.08
2025-02-19 16:42:32,2.68
2025-02-19 16:42:32,1.93
2025-02-19 16:42:32,6.02
2025-02-19 16:42:32,7.71
2025-02-19 16:42:32,4.65
2025-02-19 16:42:32,4.37
2025-02-19 16:42:33,5.80
2025-02-19 16:42:33,5.98
2025-02-19 16:42:33,8.53
2025-02-19 16:42:33,5.37
2025-02-19 16:42:33,4.08
2025-02-19 16:42:33,5.04
2025-02-19 16:42:33,6.64
2025-02-19 16:42:33,10.4
2025-02-19 16:42:33,7.23
2025-02-19 16:42:34,8.09
2025-02-19 16:42:34,6.58
2025-02-19 16:42:34,5.51
2025-02-19 16:42:34,6.11
2025-02-19 16:42:34,6.55
2025-02-19 16:42:34,6.22
2025-02-19 16:42:34,2.89
2025-02-19 16:42:34,1.73
2025-02-19 16:42:34,2.87
2025-02-19 16:42:34,7.73
2025-02-19 16:42:35,1.34
2025-02-19 16:42:35,2.89
2025-02-19 16:42:35,1.70
2025-02-19 16:42:35,6.56
2025-02-19 16:42:35,4.56
2025-02-19 16:42:35,1.75
2025-02-19 16:42:35,3.37
2025-02-19 16:42:35,8.39
2025-02-19 16:42:35,5.89
2025-02-19 16:42:36,9.61
2025-02-19 16:42:36,1.51
2025-02-19 16:42:36,6.22
2025-02-19 16:42:36,3.91
2025-02-19 16:42:36,4.65
2025-02-19 16:42:36,4.18
2025-02-19 16:42:36,6.56
2025-02-19 16:42:36,5.08
2025-02-19 16:42:36,5.21
2025-02-19 16:42:37,2.98
2025-02-19 16:42:37,3.12
2025-02-19 16:42:37,5.57
2025-02-19 16:42:37,6.20
2025-02-19 16:42:37,5.80
2025-02-19 16:42:37,11.9
2025-02-19 16:42:37,4.99
2025-02-19 16:42:37,5.58
2025-02-19 16:42:37,2.35
2025-02-19 16:42:38,5.65
2025-02-19 16:42:38,2.97
2025-02-19 16:42:38,6.87
2025-02-19 16:42:38,4.52
2025-02-19 16:42:38,3.03
2025-02-19 16:42:38,1.77
2025-02-19 16:42:38,6.54
2025-02-19 16:42:38,4.94
2025-02-19 16:42:38,6.95
2025-02-19 16:42:39,4.49
2025-02-19 16:42:39,4.04
2025-02-19 16:42:39,5.09
2025-02-19 16:42:39,6.16
2025-02-19 16:42:39,1.38
2025-02-19 16:42:39,1.62
2025-02-19 16:42:39,6.60
2025-02-19 16:42:39,6.23
2025-02-19 16:42:39,2.27
2025-02-19 16:42:40,8.01
2025-02-19 16:42:40,4.73
2025-02-19 16:42:40,5.19
2025-02-19 16:42:40,5.57
2025-02-19 16:42:40,5.31
2025-02-19 16:42:40,4.78
2025-02-19 16:42:40,7.34
2025-02-19 16:42:40,3.70
2025-02-19 16:42:40,2.36
2025-02-19 16:42:41,8.41
2025-02-19 16:42:41,4.41
2025-02-19 16:42:41,4.50
2025-02-19 16:42:41,8.54
2025-02-19 16:42:41,6.87
2025-02-19 16:42:41,5.57
2025-02-19 16:42:41,1.16
2025-02-19 16:42:41,11.6
2025-02-19 16:42:41,6.20
2025-02-19 16:42:42,5.57
2025-02-19 16:42:42,4.24
2025-02-19 16:42:42,4.32
2025-02-19 16:42:42,6.47
2025-02-19 16:42:42,7.66
2025-02-19 16:42:42,7.81
2025-02-19 16:42:42,6.27
2025-02-19 16:42:42,4.93
2025-02-19 16:42:42,6.45
2025-02-19 16:42:43,2.91
2025-02-19 16:42:43,6.93
2025-02-19 16:42:43,9.65
2025-02-19 16:42:43,9.29
2025-02-19 16:42:43,6.61
2025-02-19 16:42:43,3.01
2025-02-19 16:42:43,3.73
2025-02-19 16:42:43,4.97
2025-02-19 16:42:43,1.56
2025-02-19 16:42:43,3.59
2025-02-19 16:42:44,7.51
2025-02-19 16:42:44,6.03
2025-02-19 16:42:44,5.30
2025-02-19 16:42:44,4.06
2025-02-19 16:42:44,6.18
2025-02-19 16:42:44,1.92
2025-02-19 16:42:44,3.88
2025-02-19 16:42:44,1.86
2025-02-19 16:42:44,5.14
2025-02-19 16:42:45,5.41
2025-02-19 16:42:45,5.61
2025-02-19 16:42:45,6.63
2025-02-19 16:42:45,3.74
2025-02-19 16:42:45,1.64
2025-02-19 16:42:45,7.88
2025-02-19 16:42:45,3.87
2025-02-19 16:42:45,8.99
2025-02-19 16:42:45,3.45
2025-02-19 16:42:46,3.61
2025-02-19 16:42:46,5.26
2025-02-19 16:42:46,3.12
2025-02-19 16:42:46,3.99
2025-02-19 16:42:46,4.02
2025-02-19 16:42:46,2.13
2025-02-19 16:42:46,8.77
2025-02-19 16:42:46,10.9
2025-02-19 16:42:46,6.13
2025-02-19 16:42:47,4.56
2025-02-19 16:42:47,3.13
2025-02-19 16:42:47,6.11
2025-02-19 16:42:47,1.92
2025-02-19 16:42:47,3.88
2025-02-19 16:42:47,2.25
2025-02-19 16:42:47,3.09
2025-02-19 16:42:47,2.20
2025-02-19 16:42:47,4.67
2025-02-19 16:42:48,5.92
2025-02-19 16:42:48,7.36
2025-02-19 16:42:48,7.89
2025-02-19 16:42:48,2.44
2025-02-19 16:42:48,6.53
2025-02-19 16:42:48,5.42
2025-02-19 16:42:48,3.43
2025-02-19 16:42:48,5.78
2025-02-19 16:42:48,8.95
2025-02-19 16:42:49,3.93
2025-02-19 16:42:49,2.17
2025-02-19 16:42:49,1.55
2025-02-19 16:42:49,3.55
2025-02-19 16:42:49,8.22
2025-02-19 16:42:49,9.50
2025-02-19 16:42:49,11.0
2025-02-19 16:42:49,3.70
2025-02-19 16:42:49,4.58
2025-02-19 16:42:50,1.58
2025-02-19 16:42:50,5.11
2025-02-19 16:42:50,5.87
2025-02-19 16:42:50,2.69
2025-02-19 16:42:50,1.73
2025-02-19 16:42:50,3.13
2025-02-19 16:42:50,6.57
2025-02-19 16:42:50,5.96
2025-02-19 16:42:50,8.84
2025-02-19 16:42:51,3.74
2025-02-19 16:42:51,6.75
2025-02-19 16:42:51,11.4
2025-02-19 16:42:51,2.75
2025-02-19 16:42:51,4.43
2025-02-19 16:42:51,7.97
2025-02-19 16:42:51,5.06
2025-02-19 16:42:51,3.58
2025-02-19 16:42:51,2.84
2025-02-19 16:42:52,7.86
2025-02-19 16:42:52,2.49
2025-02-19 16:42:52,3.49
2025-02-19 16:42:52,3.93
2025-02-19 16:42:52,5.70
2025-02-19 16:42:52,4.77
2025-02-19 16:42:52,9.50
2025-02-19 16:42:52,3.98
2025-02-19 16:42:52,4.88
2025-02-19 16:42:53,6.64
2025-02-19 16:42:53,6.95
2025-02-19 16:42:53,4.41
2025-02-19 16:42:53,9.97
2025-02-19 16:42:53,6.50
2025-02-19 16:42:53,7.47
2025-02-19 16:42:53,4.07
2025-02-19 16:42:53,4.69
2025-02-19 16:42:53,5.19
2025-02-19 16:42:54,2.28
2025-02-19 16:42:54,1.02
2025-02-19 16:42:54,9.80
2025-02-19 16:42:54,4.19
2025-02-19 16:42:54,2.43
2025-02-19 16:42:54,1.60
2025-02-19 16:42:54,4.81
2025-02-19 16:42:54,6.70
2025-02-19 16:42:54,3.26
2025-02-19 16:42:54,5.85
2025-02-19 16:42:55,4.77
2025-02-19 16:42:55,3.15
2025-02-19 16:42:55,6.28
2025-02-19 16:42:55,9.27
2025-02-19 16:42:55,3.67
2025-02-19 16:42:55,5.54
2025-02-19 16:42:55,2.03
2025-02-19 16:42:55,5.37
2025-02-19 16:42:55,3.32
2025-02-19 16:42:56,8.92
2025-02-19 16:42:56,2.13
2025-02-19 16:42:56,6.61
2025-02-19 16:42:56,7.05
2025-02-19 16:42:56,1.83
2025-02-19 16:42:56,6.34
2025-02-19 16:42:56,7.92
2025-02-19 16:42:56,3.81
2025-02-19 16:42:56,11.6
2025-02-19 16:42:57,12.0
2025-02-19 16:42:57,13.7
2025-02-19 16:42:57,7.45
2025-02-19 16:42:57,6.83
2025-02-19 16:42:57,3.76
2025-02-19 16:42:57,6.67
2025-02-19 16:42:57,4.97
2025-02-19 16:42:57,3.51
2025-02-19 16:42:57,8.11
2025-02-19 16:42:58,5.29
2025-02-19 16:42:58,3.63
2025-02-19 16:42:58,2.60
2025-02-19 16:42:58,11.8
2025-02-19 16:42:58,10.4
2025-02-19 16:42:58,5.56
2025-02-19 16:42:58,13.4
2025-02-19 16:42:58,9.53
2025-02-19 16:42:59,11.5
2025-02-19 16:42:59,3.50
2025-02-19 16:42:59,12.4
2025-02-19 16:42:59,5.61
2025-02-19 16:42:59,9.48
2025-02-19 16:42:59,3.32
2025-02-19 16:42:59,12.3
2025-02-19 16:42:59,9.47
2025-02-19 16:42:59,7.98
2025-02-19 16:43:00,7.69
2025-02-19 16:43:00,4.92
2025-02-19 16:43:00,16.8
2025-02-19 16:43:00,18.4
2025-02-19 16:43:00,5.04
2025-02-19 16:43:00,8.76
2025-02-19 16:43:00,5.98
2025-02-19 16:43:00,7.12
2025-02-19 16:43:00,16.1
2025-02-19 16:43:01,3.32
2025-02-19 16:43:01,4.79
2025-02-19 16:43:01,2.48
2025-02-19 16:43:01,7.08
2025-02-19 16:43:01,6.95
2025-02-19 16:43:01,5.87
2025-02-19 16:43:01,13.6
2025-02-19 16:43:01,3.89
2025-02-19 16:43:01,15.0
2025-02-19 16:43:02,3.23
2025-02-19 16:43:02,8.51
2025-02-19 16:43:02,3.20
2025-02-19 16:43:02,4.49
2025-02-19 16:43:02,5.61
2025-02-19 16:43:02,7.22
2025-02-19 16:43:02,7.01
2025-02-19 16:43:02,7.40
2025-02-19 16:43:02,4.56
2025-02-19 16:43:03,9.47
2025-02-19 16:43:03,6.90
2025-02-19 16:43:03,6.24
2025-02-19 16:43:03,2.29
2025-02-19 16:43:03,2.58
2025-02-19 16:43:03,7.12
2025-02-19 16:43:03,4.94
2025-02-19 16:43:03,2.68
2025-02-19 16:43:03,2.46
2025-02-19 16:43:04,5.87
2025-02-19 16:43:04,4.99
2025-02-19 16:43:04,5.11
2025-02-19 16:43:04,3.69
2025-02-19 16:43:04,5.93
2025-02-19 16:43:04,2.79
2025-02-19 16:43:04,6.53
2025-02-19 16:43:04,3.33
2025-02-19 16:43:04,3.89
2025-02-19 16:43:05,3.60
2025-02-19 16:43:05,7.03
2025-02-19 16:43:05,6.28
2025-02-19 16:43:05,5.74
2025-02-19 16:43:05,8.61
2025-02-19 16:43:05,4.50
2025-02-19 16:43:05,6.73
2025-02-19 16:43:05,4.54
2025-02-19 16:43:05,2.63
2025-02-19 16:43:06,4.66
2025-02-19 16:43:06,3.40
2025-02-19 16:43:06,6.22
2025-02-19 16:43:06,1.86
2025-02-19 16:43:06,4.41
2025-02-19 16:43:06,7.74
2025-02-19 16:43:06,2.20
2025-02-19 16:43:06,6.16
2025-02-19 16:43:06,1.40
2025-02-19 16:43:06,10.5
2025-02-19 16:43:07,14.8
2025-02-19 16:43:07,4.10
2025-02-19 16:43:07,1.75
2025-02-19 16:43:07,5.63
2025-02-19 16:43:07,6.48
2025-02-19 16:43:07,4.88
2025-02-19 16:43:07,6.49
2025-02-19 16:43:07,4.34
2025-02-19 16:43:07,4.83
2025-02-19 16:43:08,4.40
2025-02-19 16:43:08,6.19
2025-02-19 16:43:08,9.14
2025-02-19 16:43:08,5.04
2025-02-19 16:43:08,2.77
2025-02-19 16:43:08,4.80
2025-02-19 16:43:08,8.23
2025-02-19 16:43:08,7.15
2025-02-19 16:43:08,3.67
2025-02-19 16:43:09,7.48
2025-02-19 16:43:09,3.35
2025-02-19 16:43:09,6.73
2025-02-19 16:43:09,2.91
2025-02-19 16:43:09,8.62
2025-02-19 16:43:09,4.42
2025-02-19 16:43:09,3.39
2025-02-19 16:43:09,4.04
2025-02-19 16:43:09,8.43
2025-02-19 16:43:10,5.82
2025-02-19 16:43:10,9.80
2025-02-19 16:43:10,6.98
2025-02-19 16:43:10,6.71
2025-02-19 16:43:10,6.37
2025-02-19 16:43:10,6.24
2025-02-19 16:43:10,2.75
2025-02-19 16:43:10,8.80
2025-02-19 16:43:10,10.2
2025-02-19 16:43:11,2.84
2025-02-19 16:43:11,7.06
2025-02-19 16:43:11,3.04
2025-02-19 16:43:11,3.88
2025-02-19 16:43:11,6.74
2025-02-19 16:43:11,1.38
2025-02-19 16:43:11,2.47
2025-02-19 16:43:11,3.81
2025-02-19 16:43:11,0.950
2025-02-19 16:43:12,1.87
2025-02-19 16:43:12,6.77
2025-02-19 16:43:12,3.31
2025-02-19 16:43:12,1.69
2025-02-19 16:43:12,2.10
2025-02-19 16:43:12,6.88
2025-02-19 16:43:12,5.94
2025-02-19 16:43:12,9.50
2025-02-19 16:43:12,6.20
2025-02-19 16:43:13,5.71
2025-02-19 16:43:13,3.16
2025-02-19 16:43:13,6.66
2025-02-19 16:43:13,7.62
2025-02-19 16:43:13,5.52
2025-02-19 16:43:13,4.07
2025-02-19 16:43:13,3.52
2025-02-19 16:43:13,4.14
2025-02-19 16:43:13,7.37
2025-02-19 16:43:14,4.84
2025-02-19 16:43:14,4.33
2025-02-19 16:43:14,5.17
2025-02-19 16:43:14,4.38
2025-02-19 16:43:14,7.52
2025-02-19 16:43:14,5.07
2025-02-19 16:43:14,1.81
2025-02-19 16:43:14,3.41
2025-02-19 16:43:14,10.1
2025-02-19 16:43:15,6.31
2025-02-19 16:43:15,7.73
2025-02-19 16:43:15,7.31
2025-02-19 16:43:15,2.03
2025-02-19 16:43:15,7.10
2025-02-19 16:43:15,6.39
2025-02-19 16:43:15,2.56
2025-02-19 16:43:15,5.17
2025-02-19 16:43:15,8.19
2025-02-19 16:43:16,5.66
2025-02-19 16:43:16,2.58
2025-02-19 16:43:16,4.45
2025-02-19 16:43:16,4.70
2025-02-19 16:43:16,3.28
2025-02-19 16:43:16,2.22
2025-02-19 16:43:16,6.18
2025-02-19 16:43:16,3.96
2025-02-19 16:43:16,9.07
2025-02-19 16:43:17,5.56
2025-02-19 16:43:17,3.37
2025-02-19 16:43:17,7.33
2025-02-19 16:43:17,5.18
2025-02-19 16:43:17,6.35
2025-02-19 16:43:17,5.10
2025-02-19 16:43:17,5.27
2025-02-19 16:43:17,8.89
2025-02-19 16:43:17,2.53
2025-02-19 16:43:17,1.64
2025-02-19 16:43:18,4.60
2025-02-19 16:43:18,3.94
2025-02-19 16:43:18,6.67
2025-02-19 16:43:18,1.34
2025-02-19 16:43:18,4.98
2025-02-19 16:43:18,1.45
2025-02-19 16:43:18,6.72
2025-02-19 16:43:18,16.0
2025-02-19 16:43:18,5.76
2025-02-19 16:43:19,2.39
2025-02-19 16:43:19,18.2
2025-02-19 16:43:19,6.34
2025-02-19 16:43:19,2.56
2025-02-19 16:43:19,6.52
2025-02-19 16:43:19,2.05
2025-02-19 16:43:19,10.7
2025-02-19 16:43:19,6.38
2025-02-19 16:43:19,2.33
2025-02-19 16:43:20,2.81
2025-02-19 16:43:20,1.74
2025-02-19 16:43:20,7.94
2025-02-19 16:43:20,10.9
2025-02-19 16:43:20,3.38
2025-02-19 16:43:20,6.16
2025-02-19 16:43:20,6.25
2025-02-19 16:43:20,5.96
2025-02-19 16:43:20,10.1
2025-02-19 16:43:21,5.60
2025-02-19 16:43:21,3.79
2025-02-19 16:43:21,2.22
2025-02-19 16:43:21,9.89
2025-02-19 16:43:21,4.68
2025-02-19 16:43:21,4.86
2025-02-19 16:43:21,6.78
2025-02-19 16:43:21,6.00
2025-02-19 16:43:21,3.88
2025-02-19 16:43:22,6.18
2025-02-19 16:43:22,2.87
2025-02-19 16:43:22,5.31
2025-02-19 16:43:22,1.89
2025-02-19 16:43:22,1.48
2025-02-19 16:43:22,6.16
2025-02-19 16:43:22,7.36
2025-02-19 16:43:22,3.70
2025-02-19 16:43:22,5.01
2025-02-19 16:43:23,3.98
2025-02-19 16:43:23,7.98
2025-02-19 16:43:23,9.19
2025-02-19 16:43:23,1.58
2025-02-19 16:43:23,6.22
2025-02-19 16:43:23,7.37
2025-02-19 16:43:23,3.43
2025-02-19 16:43:23,5.26
2025-02-19 16:43:23,4.85
2025-02-19 16:43:24,1.77
2025-02-19 16:43:24,4.08
2025-02-19 16:43:24,5.06
2025-02-19 16:43:24,9.84
2025-02-19 16:43:24,5.27
2025-02-19 16:43:24,1.91
2025-02-19 16:43:24,4.99
2025-02-19 16:43:24,3.99
2025-02-19 16:43:24,4.64
2025-02-19 16:43:25,5.97
2025-02-19 16:43:25,2.66
2025-02-19 16:43:25,6.76
2025-02-19 16:43:25,5.92
2025-02-19 16:43:25,2.74
2025-02-19 16:43:25,1.83
2025-02-19 16:43:25,1.52
2025-02-19 16:43:25,5.67
2025-02-19 16:43:25,8.66
2025-02-19 16:43:26,4.65
2025-02-19 16:43:26,3.80
2025-02-19 16:43:26,6.20
2025-02-19 16:43:26,13.2
2025-02-19 16:43:26,5.53
2025-02-19 16:43:26,4.29
2025-02-19 16:43:26,2.52
2025-02-19 16:43:26,9.66
2025-02-19 16:43:26,2.31
2025-02-19 16:43:27,7.15
2025-02-19 16:43:27,7.13
2025-02-19 16:43:27,5.23
2025-02-19 16:43:27,6.58
2025-02-19 16:43:27,5.56
2025-02-19 16:43:27,1.81
2025-02-19 16:43:27,5.55
2025-02-19 16:43:27,6.93
2025-02-19 16:43:27,8.63
2025-02-19 16:43:28,3.72
2025-02-19 16:43:28,6.10
2025-02-19 16:43:28,5.79
2025-02-19 16:43:28,6.17
2025-02-19 16:43:28,3.20
2025-02-19 16:43:28,5.92
2025-02-19 16:43:28,5.18
2025-02-19 16:43:28,1.75
2025-02-19 16:43:28,1.83
2025-02-19 16:43:29,7.35
2025-02-19 16:43:29,1.56
2025-02-19 16:43:29,13.1
2025-02-19 16:43:29,7.28
2025-02-19 16:43:29,4.31
2025-02-19 16:43:29,3.04
2025-02-19 16:43:29,1.31
2025-02-19 16:43:29,9.95
2025-02-19 16:43:29,3.65
2025-02-19 16:43:29,1.34
2025-02-19 16:43:30,5.62
2025-02-19 16:43:30,5.12
2025-02-19 16:43:30,4.82
2025-02-19 16:43:30,10.3
2025-02-19 16:43:30,5.17
2025-02-19 16:43:30,4.81
2025-02-19 16:43:30,2.29
2025-02-19 16:43:30,6.83
2025-02-19 16:43:30,5.09
2025-02-19 16:43:31,10.5
2025-02-19 16:43:31,6.72
2025-02-19 16:43:31,4.03
2025-02-19 16:43:31,2.95
2025-02-19 16:43:31,4.80
2025-02-19 16:43:31,4.68
2025-02-19 16:43:31,5.35
2025-02-19 16:43:31,12.4
2025-02-19 16:43:31,10.2
2025-02-19 16:43:32,2.17
2025-02-19 16:43:32,5.01
2025-02-19 16:43:32,6.72
2025-02-19 16:43:32,8.79
2025-02-19 16:43:32,9.67
2025-02-19 16:43:32,2.24
2025-02-19 16:43:32,6.44
2025-02-19 16:43:32,2.72
2025-02-19 16:43:32,11.5
2025-02-19 16:43:33,8.48
2025-02-19 16:43:33,3.35
2025-02-19 16:43:33,8.21
2025-02-19 16:43:33,7.68
2025-02-19 16:43:33,4.94
2025-02-19 16:43:33,2.72
2025-02-19 16:43:33,4.80
2025-02-19 16:43:33,5.18
2025-02-19 16:43:33,4.37
2025-02-19 16:43:34,3.66
2025-02-19 16:43:34,9.39
2025-02-19 16:43:34,4.16
2025-02-19 16:43:34,5.14
2025-02-19 16:43:34,5.25
2025-02-19 16:43:34,4.15
2025-02-19 16:43:34,6.61
2025-02-19 16:43:34,5.70
2025-02-19 16:43:34,5.96
2025-02-19 16:43:35,6.70
2025-02-19 16:43:35,7.72
2025-02-19 16:43:35,4.83
2025-02-19 16:43:35,5.62
2025-02-19 16:43:35,9.39
2025-02-19 16:43:35,1.95
2025-02-19 16:43:35,1.35
2025-02-19 16:43:35,4.97
2025-02-19 16:43:35,3.94
2025-02-19 16:43:36,7.07
2025-02-19 16:43:36,6.38
2025-02-19 16:43:36,8.75
2025-02-19 16:43:36,2.43
2025-02-19 16:43:36,2.40
2025-02-19 16:43:36,10.8
2025-02-19 16:43:36,2.84
2025-02-19 16:43:36,7.74
2025-02-19 16:43:36,3.35
2025-02-19 16:43:37,10.8
2025-02-19 16:43:37,1.36
2025-02-19 16:43:37,7.76
2025-02-19 16:43:37,6.38
2025-02-19 16:43:37,2.69
2025-02-19 16:43:37,4.33
2025-02-19 16:43:37,5.45
2025-02-19 16:43:37,6.91
2025-02-19 16:43:37,6.08
2025-02-19 16:43:38,2.80
2025-02-19 16:43:38,5.45
2025-02-19 16:43:38,8.25
2025-02-19 16:43:38,3.79
2025-02-19 16:43:38,3.68
2025-02-19 16:43:38,9.55
2025-02-19 16:43:38,7.65
2025-02-19 16:43:38,7.94
2025-02-19 16:43:38,5.26
2025-02-19 16:43:39,9.15
2025-02-19 16:43:39,3.82
2025-02-19 16:43:39,4.60
2025-02-19 16:43:39,7.03
2025-02-19 16:43:39,4.32
2025-02-19 16:43:39,2.11
2025-02-19 16:43:39,12.6
2025-02-19 16:43:39,3.01
2025-02-19 16:43:39,3.20
2025-02-19 16:43:40,4.81
2025-02-19 16:43:40,6.47
2025-02-19 16:43:40,6.58
2025-02-19 16:43:40,6.81
2025-02-19 16:43:40,7.28
2025-02-19 16:43:40,1.16
2025-02-19 16:43:40,1.55
2025-02-19 16:43:40,2.16
2025-02-19 16:43:40,1.12
2025-02-19 16:43:41,1.19
2025-02-19 16:43:41,8.50
2025-02-19 16:43:41,10.3
2025-02-19 16:43:41,5.51
2025-02-19 16:43:41,8.25
2025-02-19 16:43:41,6.54
2025-02-19 16:43:41,1.60
2025-02-19 16:43:41,3.42
2025-02-19 16:43:41,4.02
2025-02-19 16:43:42,1.80
2025-02-19 16:43:42,1.95
2025-02-19 16:43:42,3.02
2025-02-19 16:43:42,3.17
2025-02-19 16:43:42,6.23
2025-02-19 16:43:42,2.93
2025-02-19 16:43:42,4.12
2025-02-19 16:43:42,4.72
2025-02-19 16:43:42,1.70
2025-02-19 16:43:42,5.60
2025-02-19 16:43:43,4.09
2025-02-19 16:43:43,7.52
2025-02-19 16:43:43,12.9
2025-02-19 16:43:43,6.48
2025-02-19 16:43:43,8.05
2025-02-19 16:43:43,6.24
2025-02-19 16:43:43,1.57
2025-02-19 16:43:43,4.22
2025-02-19 16:43:43,3.52
2025-02-19 16:43:44,8.36
2025-02-19 16:43:44,8.88
2025-02-19 16:43:44,8.17
2025-02-19 16:43:44,7.59
2025-02-19 16:43:44,8.90
2025-02-19 16:43:44,7.23
2025-02-19 16:43:44,5.98
2025-02-19 16:43:44,6.10
2025-02-19 16:43:44,7.60
2025-02-19 16:43:45,6.80
2025-02-19 16:43:45,4.93
2025-02-19 16:43:45,4.92
2025-02-19 16:43:45,6.40
2025-02-19 16:43:45,3.39
2025-02-19 16:43:45,6.57
2025-02-19 16:43:45,5.88
2025-02-19 16:43:45,11.1
2025-02-19 16:43:45,6.43
2025-02-19 16:43:46,10.7
2025-02-19 16:43:46,4.57
2025-02-19 16:43:46,3.57
2025-02-19 16:43:46,8.08
2025-02-19 16:43:46,2.53
2025-02-19 16:43:46,3.63
2025-02-19 16:43:46,5.61
2025-02-19 16:43:46,3.69
2025-02-19 16:43:46,3.86
2025-02-19 16:43:47,2.09
2025-02-19 16:43:47,6.31
2025-02-19 16:43:47,9.84
2025-02-19 16:43:47,7.49
2025-02-19 16:43:47,7.63
2025-02-19 16:43:47,4.49
2025-02-19 16:43:47,6.68
2025-02-19 16:43:47,6.08
2025-02-19 16:43:47,8.00
2025-02-19 16:43:48,2.52
2025-02-19 16:43:48,6.30
2025-02-19 16:43:48,5.55
2025-02-19 16:43:48,7.71
2025-02-19 16:43:48,6.75
2025-02-19 16:43:48,8.34
2025-02-19 16:43:48,7.93
2025-02-19 16:43:48,3.31
2025-02-19 16:43:48,2.27
2025-02-19 16:43:49,5.74
2025-02-19 16:43:49,5.65
2025-02-19 16:43:49,1.32
2025-02-19 16:43:49,3.96
2025-02-19 16:43:49,7.71
2025-02-19 16:43:49,9.55
2025-02-19 16:43:49,9.92
2025-02-19 16:43:49,6.46
2025-02-19 16:43:49,1.97
2025-02-19 16:43:50,1.62
2025-02-19 16:43:50,4.39
2025-02-19 16:43:50,6.85
2025-02-19 16:43:50,3.77
2025-02-19 16:43:50,2.58
2025-02-19 16:43:50,4.98
2025-02-19 16:43:50,9.42
2025-02-19 16:43:50,9.15
2025-02-19 16:43:50,8.22
2025-02-19 16:43:51,5.94
2025-02-19 16:43:51,5.47
2025-02-19 16:43:51,2.91
2025-02-19 16:43:51,4.63
2025-02-19 16:43:51,2.36
2025-02-19 16:43:51,3.03
2025-02-19 16:43:51,5.28
2025-02-19 16:43:51,2.89
2025-02-19 16:43:51,2.44
2025-02-19 16:43:52,7.02
2025-02-19 16:43:52,1.38
2025-02-19 16:43:52,9.73
2025-02-19 16:43:52,5.96
2025-02-19 16:43:52,5.96
2025-02-19 16:43:52,4.50
2025-02-19 16:43:52,6.99
2025-02-19 16:43:52,5.36
2025-02-19 16:43:52,6.50
2025-02-19 16:43:53,6.26
2025-02-19 16:43:53,7.56
2025-02-19 16:43:53,3.41
2025-02-19 16:43:53,2.24
2025-02-19 16:43:53,2.03
2025-02-19 16:43:53,1.73
2025-02-19 16:43:53,5.76
2025-02-19 16:43:53,6.25
2025-02-19 16:43:53,6.47
2025-02-19 16:43:54,4.79
2025-02-19 16:43:54,6.65
2025-02-19 16:43:54,2.30
2025-02-19 16:43:54,8.72
2025-02-19 16:43:54,10.1
2025-02-19 16:43:54,11.4
2025-02-19 16:43:54,7.90
2025-02-19 16:43:54,1.73
2025-02-19 16:43:54,5.12
2025-02-19 16:43:55,1.02
2025-02-19 16:43:55,2.94
2025-02-19 16:43:55,9.68
2025-02-19 16:43:55,2.00
2025-02-19 16:43:55,5.72
2025-02-19 16:43:55,8.27
2025-02-19 16:43:55,5.74
2025-02-19 16:43:55,3.37
2025-02-19 16:43:55,13.5
2025-02-19 16:43:56,18.8
2025-02-19 16:43:56,12.7
2025-02-19 16:43:56,1.08
2025-02-19 16:43:56,7.10
2025-02-19 16:43:56,1.49
2025-02-19 16:43:56,5.93
2025-02-19 16:43:56,7.78
2025-02-19 16:43:56,6.02
2025-02-19 16:43:56,3.50
2025-02-19 16:43:57,7.46
2025-02-19 16:43:57,6.98
2025-02-19 16:43:57,10.2
2025-02-19 16:43:57,13.9
2025-02-19 16:43:57,10.1
2025-02-19 16:43:57,2.90
2025-02-19 16:43:57,5.22
2025-02-19 16:43:57,2.06
2025-02-19 16:43:57,7.64
2025-02-19 16:43:58,3.11
2025-02-19 16:43:58,5.81
2025-02-19 16:43:58,12.8
2025-02-19 16:43:58,7.70
2025-02-19 16:43:58,7.01
2025-02-19 16:43:58,7.19
2025-02-19 16:43:58,2.68
2025-02-19 16:43:58,7.02
2025-02-19 16:43:58,4.19
2025-02-19 16:43:59,2.97
2025-02-19 16:43:59,6.22
2025-02-19 16:43:59,1.41
2025-02-19 16:43:59,15.5
2025-02-19 16:43:59,8.48
2025-02-19 16:43:59,13.2
2025-02-19 16:43:59,6.88
2025-02-19 16:43:59,2.31
2025-02-19 16:43:59,9.11
2025-02-19 16:44:00,9.26
2025-02-19 16:44:00,9.62
2025-02-19 16:44:00,6.94
2025-02-19 16:44:00,3.10
2025-02-19 16:44:00,8.65
2025-02-19 16:44:00,7.68
2025-02-19 16:44:00,1.57
2025-02-19 16:44:00,3.79
2025-02-19 16:44:00,3.84
2025-02-19 16:44:01,3.48
2025-02-19 16:44:01,9.55
2025-02-19 16:44:01,7.00
2025-02-19 16:44:01,5.61
2025-02-19 16:44:01,7.25
2025-02-19 16:44:01,2.37
2025-02-19 16:44:01,6.37
2025-02-19 16:44:01,7.03
2025-02-19 16:44:01,5.23
2025-02-19 16:44:02,7.04
2025-02-19 16:44:02,5.13
2025-02-19 16:44:02,6.31
2025-02-19 16:44:02,9.23
2025-02-19 16:44:02,10.9
2025-02-19 16:44:02,9.71
2025-02-19 16:44:02,5.67
2025-02-19 16:44:02,6.56
2025-02-19 16:44:02,5.25
2025-02-19 16:44:03,5.58
2025-02-19 16:44:03,5.22
2025-02-19 16:44:03,6.31
2025-02-19 16:44:03,6.96
2025-02-19 16:44:03,6.07
2025-02-19 16:44:03,1.66
2025-02-19 16:44:03,4.95
2025-02-19 16:44:03,5.39
2025-02-19 16:44:03,2.39
2025-02-19 16:44:04,5.90
2025-02-19 16:44:04,4.74
2025-02-19 16:44:04,1.59
2025-02-19 16:44:04,12.9
2025-02-19 16:44:04,6.79
2025-02-19 16:44:04,6.83
2025-02-19 16:44:04,2.16
2025-02-19 16:44:04,13.7
2025-02-19 16:44:04,13.7
2025-02-19 16:44:05,5.07
2025-02-19 16:44:05,4.99
2025-02-19 16:44:05,13.9
2025-02-19 16:44:05,8.85
2025-02-19 16:44:05,3.30
2025-02-19 16:44:05,2.01
2025-02-19 16:44:05,2.28
2025-02-19 16:44:05,7.09
2025-02-19 16:44:05,5.28
2025-02-19 16:44:06,4.79
2025-02-19 16:44:06,3.74
2025-02-19 16:44:06,4.43
2025-02-19 16:44:06,5.71
2025-02-19 16:44:06,5.36
2025-02-19 16:44:06,2.03
2025-02-19 16:44:06,3.14
2025-02-19 16:44:06,4.98
2025-02-19 16:44:06,5.36
2025-02-19 16:44:07,3.71
2025-02-19 16:44:07,6.02
2025-02-19 16:44:07,3.64
2025-02-19 16:44:07,10.2
2025-02-19 16:44:07,3.20
2025-02-19 16:44:07,7.07
2025-02-19 16:44:07,2.89
2025-02-19 16:44:07,1.64
2025-02-19 16:44:07,1.19
2025-02-19 16:44:07,4.42
2025-02-19 16:44:08,9.79
2025-02-19 16:44:08,4.19
2025-02-19 16:44:08,4.13
2025-02-19 16:44:08,6.83
2025-02-19 16:44:08,13.2
2025-02-19 16:44:08,3.79
2025-02-19 16:44:08,6.56
2025-02-19 16:44:08,8.19
2025-02-19 16:44:09,6.56
2025-02-19 16:44:09,21.3
2025-02-19 16:44:09,2.76
2025-02-19 16:44:09,7.41
2025-02-19 16:44:09,8.50
2025-02-19 16:44:09,4.31
2025-02-19 16:44:09,6.43
2025-02-19 16:44:09,6.14
2025-02-19 16:44:09,5.46
2025-02-19 16:44:10,5.17
2025-02-19 16:44:10,2.44
2025-02-19 16:44:10,3.56
2025-02-19 16:44:10,1.81
2025-02-19 16:44:10,1.46
2025-02-19 16:44:10,10.7
2025-02-19 16:44:10,4.46
2025-02-19 16:44:10,5.61
2025-02-19 16:44:10,5.07
2025-02-19 16:44:10,3.11
2025-02-19 16:44:11,1.65
2025-02-19 16:44:11,7.59
2025-02-19 16:44:11,5.40
2025-02-19 16:44:11,6.29
2025-02-19 16:44:11,4.90
2025-02-19 16:44:11,5.23
2025-02-19 16:44:11,2.34
2025-02-19 16:44:11,1.89
2025-02-19 16:44:11,5.05
2025-02-19 16:44:12,7.56
2025-02-19 16:44:12,6.04
2025-02-19 16:44:12,9.51
2025-02-19 16:44:12,6.44
2025-02-19 16:44:12,6.22
2025-02-19 16:44:12,6.37
2025-02-19 16:44:12,5.95
2025-02-19 16:44:12,2.33
2025-02-19 16:44:12,6.12
2025-02-19 16:44:13,3.62
2025-02-19 16:44:13,4.83
2025-02-19 16:44:13,4.32
2025-02-19 16:44:13,5.10
2025-02-19 16:44:13,6.95
2025-02-19 16:44:13,5.05
2025-02-19 16:44:13,3.48
2025-02-19 16:44:13,9.96
2025-02-19 16:44:13,7.22
2025-02-19 16:44:14,4.33
2025-02-19 16:44:14,5.60
2025-02-19 16:44:14,6.61
2025-02-19 16:44:14,5.68
2025-02-19 16:44:14,4.93
2025-02-19 16:44:14,4.80
2025-02-19 16:44:14,4.48
2025-02-19 16:44:14,8.74
2025-02-19 16:44:14,7.38
2025-02-19 16:44:15,9.07
2025-02-19 16:44:15,6.11
2025-02-19 16:44:15,5.47
2025-02-19 16:44:15,4.65
2025-02-19 16:44:15,12.4
2025-02-19 16:44:15,1.40
2025-02-19 16:44:15,7.46
2025-02-19 16:44:15,6.77
2025-02-19 16:44:15,2.89
2025-02-19 16:44:16,2.15
2025-02-19 16:44:16,6.04
2025-02-19 16:44:16,6.33
2025-02-19 16:44:16,5.05
2025-02-19 16:44:16,6.37
2025-02-19 16:44:16,2.70
2025-02-19 16:44:16,2.88
2025-02-19 16:44:16,11.7
2025-02-19 16:44:16,3.80
2025-02-19 16:44:17,8.01
2025-02-19 16:44:17,6.86
2025-02-19 16:44:17,1.52
2025-02-19 16:44:17,8.62
2025-02-19 16:44:17,5.85
2025-02-19 16:44:17,1.46
2025-02-19 16:44:17,4.59
2025-02-19 16:44:17,5.31
2025-02-19 16:44:17,4.87
2025-02-19 16:44:18,5.10
2025-02-19 16:44:18,3.44
2025-02-19 16:44:18,4.87
2025-02-19 16:44:18,6.48
2025-02-19 16:44:18,5.57
2025-02-19 16:44:18,7.80
2025-02-19 16:44:18,5.42
2025-02-19 16:44:18,6.34
2025-02-19 16:44:18,2.07
2025-02-19 16:44:19,2.17
2025-02-19 16:44:19,3.52
2025-02-19 16:44:19,4.13
2025-02-19 16:44:19,5.95
2025-02-19 16:44:19,2.81
2025-02-19 16:44:19,4.14
2025-02-19 16:44:19,3.20
2025-02-19 16:44:19,4.27
2025-02-19 16:44:19,3.69
2025-02-19 16:44:19,1.05
2025-02-19 16:44:20,6.57
2025-02-19 16:44:20,4.72
2025-02-19 16:44:20,8.42
2025-02-19 16:44:20,5.46
2025-02-19 16:44:20,5.85
2025-02-19 16:44:20,7.41
2025-02-19 16:44:20,6.32
2025-02-19 16:44:20,7.42
2025-02-19 16:44:21,1.62
2025-02-19 16:44:21,3.01
2025-02-19 16:44:21,9.24
2025-02-19 16:44:21,16.5
2025-02-19 16:44:21,6.81
2025-02-19 16:44:21,2.71
2025-02-19 16:44:21,6.82
2025-02-19 16:44:21,1.24
2025-02-19 16:44:21,5.38
2025-02-19 16:44:21,1.95
2025-02-19 16:44:22,7.00
2025-02-19 16:44:22,2.69
2025-02-19 16:44:22,7.43
2025-02-19 16:44:22,6.66
2025-02-19 16:44:22,7.16
2025-02-19 16:44:22,8.28
2025-02-19 16:44:22,2.77
2025-02-19 16:44:22,11.3
2025-02-19 16:44:23,5.63
2025-02-19 16:44:23,2.53
2025-02-19 16:44:23,2.11
2025-02-19 16:44:23,6.59
2025-02-19 16:44:23,5.10
2025-02-19 16:44:23,1.53
2025-02-19 16:44:23,4.91
2025-02-19 16:44:23,4.23
2025-02-19 16:44:23,1.37
2025-02-19 16:44:23,7.50
2025-02-19 16:44:24,3.79
2025-02-19 16:44:24,5.49
2025-02-19 16:44:24,5.99
2025-02-19 16:44:24,5.68
2025-02-19 16:44:24,9.25
2025-02-19 16:44:24,3.36
2025-02-19 16:44:24,4.52
2025-02-19 16:44:24,3.92
2025-02-19 16:44:24,2.85
2025-02-19 16:44:25,5.46
2025-02-19 16:44:25,4.43
2025-02-19 16:44:25,6.39
2025-02-19 16:44:25,2.58
2025-02-19 16:44:25,8.13
2025-02-19 16:44:25,9.76
2025-02-19 16:44:25,1.97
2025-02-19 16:44:25,10.3
2025-02-19 16:44:25,2.35
2025-02-19 16:44:26,5.85
2025-02-19 16:44:26,6.70
2025-02-19 16:44:26,6.87
2025-02-19 16:44:26,9.70
2025-02-19 16:44:26,7.12
2025-02-19 16:44:26,10.4
2025-02-19 16:44:26,9.65
2025-02-19 16:44:26,1.36
2025-02-19 16:44:26,5.63
2025-02-19 16:44:27,6.95
2025-02-19 16:44:27,6.10
2025-02-19 16:44:27,1.93
2025-02-19 16:44:27,1.44
2025-02-19 16:44:27,3.02
2025-02-19 16:44:27,7.04
2025-02-19 16:44:27,2.10
2025-02-19 16:44:27,5.31
2025-02-19 16:44:27,6.32
2025-02-19 16:44:28,11.3
2025-02-19 16:44:28,6.48
2025-02-19 16:44:28,6.86
2025-02-19 16:44:28,8.82
2025-02-19 16:44:28,5.82
2025-02-19 16:44:28,4.10
2025-02-19 16:44:28,7.82
2025-02-19 16:44:28,1.49
2025-02-19 16:44:28,8.28
2025-02-19 16:44:29,1.39
2025-02-19 16:44:29,6.25
2025-02-19 16:44:29,6.59
2025-02-19 16:44:29,6.08
2025-02-19 16:44:29,1.60
2025-02-19 16:44:29,4.99
2025-02-19 16:44:29,6.58
2025-02-19 16:44:29,6.49
2025-02-19 16:44:29,2.22
2025-02-19 16:44:30,5.93
2025-02-19 16:44:30,2.41
2025-02-19 16:44:30,4.14
2025-02-19 16:44:30,8.32
2025-02-19 16:44:30,1.22
2025-02-19 16:44:30,2.23
2025-02-19 16:44:30,2.17
2025-02-19 16:44:30,4.08
2025-02-19 16:44:30,7.14
2025-02-19 16:44:31,3.93
2025-02-19 16:44:31,1.64
2025-02-19 16:44:31,2.48
2025-02-19 16:44:31,2.56
2025-02-19 16:44:31,5.49
2025-02-19 16:44:31,5.49
2025-02-19 16:44:31,8.09
2025-02-19 16:44:31,6.56
2025-02-19 16:44:31,5.01
2025-02-19 16:44:32,2.39
2025-02-19 16:44:32,8.50
2025-02-19 16:44:32,4.80
2025-02-19 16:44:32,7.54
2025-02-19 16:44:32,5.91
2025-02-19 16:44:32,11.4
2025-02-19 16:44:32,7.55
2025-02-19 16:44:32,1.67
2025-02-19 16:44:32,11.0
2025-02-19 16:44:33,8.61
2025-02-19 16:44:33,4.77
2025-02-19 16:44:33,1.97
2025-02-19 16:44:33,2.91
2025-02-19 16:44:33,6.11
2025-02-19 16:44:33,1.88
2025-02-19 16:44:33,6.57
2025-02-19 16:44:33,5.59
2025-02-19 16:44:33,8.05
2025-02-19 16:44:34,7.33
2025-02-19 16:44:34,4.88
2025-02-19 16:44:34,9.91
2025-02-19 16:44:34,6.87
2025-02-19 16:44:34,6.49
2025-02-19 16:44:34,5.81
2025-02-19 16:44:34,6.16
2025-02-19 16:44:34,5.27
2025-02-19 16:44:34,5.66
2025-02-19 16:44:35,2.37
2025-02-19 16:44:35,10.3
2025-02-19 16:44:35,8.58
2025-02-19 16:44:35,6.76
2025-02-19 16:44:35,5.70
2025-02-19 16:44:35,5.31
2025-02-19 16:44:35,3.53
2025-02-19 16:44:35,2.58
2025-02-19 16:44:35,7.52
2025-02-19 16:44:36,5.68
2025-02-19 16:44:36,9.19
2025-02-19 16:44:36,7.73
2025-02-19 16:44:36,7.45
2025-02-19 16:44:36,7.03
2025-02-19 16:44:36,3.99
2025-02-19 16:44:36,3.26
2025-02-19 16:44:36,4.97
2025-02-19 16:44:36,3.73
2025-02-19 16:44:37,1.27
2025-02-19 16:44:37,2.30
2025-02-19 16:44:37,7.83
2025-02-19 16:44:37,3.25
2025-02-19 16:44:37,1.45
2025-02-19 16:44:37,2.77
2025-02-19 16:44:37,10.3
2025-02-19 16:44:37,6.44
2025-02-19 16:44:37,3.09
2025-02-19 16:44:37,6.08
2025-02-19 16:44:38,12.1
2025-02-19 16:44:38,15.0
2025-02-19 16:44:38,18.6
2025-02-19 16:44:38,4.76
2025-02-19 16:44:38,7.07
2025-02-19 16:44:38,7.99
2025-02-19 16:44:38,8.52
2025-02-19 16:44:38,4.89
2025-02-19 16:44:39,4.26
2025-02-19 16:44:39,6.03
2025-02-19 16:44:39,5.12
2025-02-19 16:44:39,5.25
2025-02-19 16:44:39,1.79
2025-02-19 16:44:39,8.74
2025-02-19 16:44:39,7.46
2025-02-19 16:44:39,3.83
2025-02-19 16:44:39,3.67
2025-02-19 16:44:40,4.28
2025-02-19 16:44:40,6.95
2025-02-19 16:44:40,4.84
2025-02-19 16:44:40,6.32
2025-02-19 16:44:40,3.80
2025-02-19 16:44:40,9.52
2025-02-19 16:44:40,5.72
2025-02-19 16:44:40,6.45
2025-02-19 16:44:40,6.99
2025-02-19 16:44:41,14.5
2025-02-19 16:44:41,2.01
2025-02-19 16:44:41,4.71
2025-02-19 16:44:41,7.97
2025-02-19 16:44:41,8.84
2025-02-19 16:44:41,3.86
2025-02-19 16:44:41,8.03
2025-02-19 16:44:41,7.30
2025-02-19 16:44:41,5.90
2025-02-19 16:44:42,7.85
2025-02-19 16:44:42,9.30
2025-02-19 16:44:42,3.91
2025-02-19 16:44:42,4.22
2025-02-19 16:44:42,7.15
2025-02-19 16:44:42,1.79
2025-02-19 16:44:42,4.68
2025-02-19 16:44:42,1.28
2025-02-19 16:44:42,7.67
2025-02-19 16:44:43,8.00
2025-02-19 16:44:43,7.54
2025-02-19 16:44:43,3.90
2025-02-19 16:44:43,5.26
2025-02-19 16:44:43,3.63
2025-02-19 16:44:43,6.34
2025-02-19 16:44:43,6.38
2025-02-19 16:44:43,5.10
2025-02-19 16:44:43,6.25
2025-02-19 16:44:43,1.83
2025-02-19 16:44:44,14.3
2025-02-19 16:44:44,13.4
2025-02-19 16:44:44,9.71
2025-02-19 16:44:44,10.8
2025-02-19 16:44:44,5.49
2025-02-19 16:44:44,6.63
2025-02-19 16:44:44,3.65
2025-02-19 16:44:44,5.93
2025-02-19 16:44:45,5.22
2025-02-19 16:44:45,3.59
2025-02-19 16:44:45,2.55
2025-02-19 16:44:45,7.03
2025-02-19 16:44:45,6.50
2025-02-19 16:44:45,6.82
2025-02-19 16:44:45,4.31
2025-02-19 16:44:45,1.22
2025-02-19 16:44:45,11.6
2025-02-19 16:44:46,3.18
2025-02-19 16:44:46,1.00
2025-02-19 16:44:46,9.63
2025-02-19 16:44:46,5.29
2025-02-19 16:44:46,5.35
2025-02-19 16:44:46,5.94
2025-02-19 16:44:46,1.50
2025-02-19 16:44:46,10.1
2025-02-19 16:44:46,2.50
2025-02-19 16:44:46,5.61
2025-02-19 16:44:47,2.84
2025-02-19 16:44:47,3.18
2025-02-19 16:44:47,4.82
2025-02-19 16:44:47,1.81
2025-02-19 16:44:47,8.25
2025-02-19 16:44:47,1.54
2025-02-19 16:44:47,2.88
2025-02-19 16:44:47,2.43
2025-02-19 16:44:47,5.26
2025-02-19 16:44:48,11.5
2025-02-19 16:44:48,4.58
2025-02-19 16:44:48,1.31
2025-02-19 16:44:48,6.49
2025-02-19 16:44:48,7.29
2025-02-19 16:44:48,4.01
2025-02-19 16:44:48,9.72
2025-02-19 16:44:48,9.40
2025-02-19 16:44:48,4.07
2025-02-19 16:44:49,1.84
2025-02-19 16:44:49,5.12
2025-02-19 16:44:49,3.31
2025-02-19 16:44:49,10.4
2025-02-19 16:44:49,1.62
2025-02-19 16:44:49,12.3
2025-02-19 16:44:49,6.23
2025-02-19 16:44:49,5.04
2025-02-19 16:44:49,1.77
2025-02-19 16:44:50,6.67
2025-02-19 16:44:50,5.74
2025-02-19 16:44:50,5.40
2025-02-19 16:44:50,6.03
2025-02-19 16:44:50,5.72
2025-02-19 16:44:50,4.91
2025-02-19 16:44:50,3.25
2025-02-19 16:44:50,6.69
2025-02-19 16:44:50,2.98
2025-02-19 16:44:51,10.3
2025-02-19 16:44:51,3.24
2025-02-19 16:44:51,5.33
2025-02-19 16:44:51,4.88
2025-02-19 16:44:51,5.10
2025-02-19 16:44:51,9.69
2025-02-19 16:44:51,6.88
2025-02-19 16:44:51,7.96
2025-02-19 16:44:51,7.32
2025-02-19 16:44:52,2.03
2025-02-19 16:44:52,2.12
2025-02-19 16:44:52,5.08
2025-02-19 16:44:52,7.03
2025-02-19 16:44:52,1.58
2025-02-19 16:44:52,2.33
2025-02-19 16:44:52,5.12
2025-02-19 16:44:52,5.38
2025-02-19 16:44:52,5.33
2025-02-19 16:44:53,2.10
2025-02-19 16:44:53,3.52
2025-02-19 16:44:53,3.59
2025-02-19 16:44:53,7.47
2025-02-19 16:44:53,5.09
2025-02-19 16:44:53,9.07
2025-02-19 16:44:53,1.96
2025-02-19 16:44:53,2.36
2025-02-19 16:44:53,6.76
2025-02-19 16:44:54,2.70
2025-02-19 16:44:54,6.94
2025-02-19 16:44:54,6.07
2025-02-19 16:44:54,1.01
2025-02-19 16:44:54,8.56
2025-02-19 16:44:54,1.24
2025-02-19 16:44:54,3.59
2025-02-19 16:44:54,8.00
2025-02-19 16:44:54,4.12
2025-02-19 16:44:54,8.08
2025-02-19 16:44:55,4.29
2025-02-19 16:44:55,6.34
2025-02-19 16:44:55,7.03
2025-02-19 16:44:55,3.27
2025-02-19 16:44:55,3.42
2025-02-19 16:44:55,5.49
2025-02-19 16:44:55,4.32
2025-02-19 16:44:55,6.02
2025-02-19 16:44:55,7.56
2025-02-19 16:44:56,3.71
2025-02-19 16:44:56,4.13
2025-02-19 16:44:56,8.84
2025-02-19 16:44:56,6.64
2025-02-19 16:44:56,8.81
2025-02-19 16:44:56,8.82
2025-02-19 16:44:56,7.65
2025-02-19 16:44:56,7.45
2025-02-19 16:44:56,7.53
2025-02-19 16:44:57,3.86
2025-02-19 16:44:57,3.84
2025-02-19 16:44:57,8.64
2025-02-19 16:44:57,6.38
2025-02-19 16:44:57,1.26
2025-02-19 16:44:57,7.08
2025-02-19 16:44:57,3.94
2025-02-19 16:44:57,10.5
2025-02-19 16:44:57,6.94
2025-02-19 16:44:58,16.5
2025-02-19 16:44:58,3.05
2025-02-19 16:44:58,4.92
2025-02-19 16:44:58,2.34
2025-02-19 16:44:58,13.2
2025-02-19 16:44:58,6.41
2025-02-19 16:44:58,9.47
2025-02-19 16:44:58,1.31
2025-02-19 16:44:58,3.97
2025-02-19 16:44:59,8.43
2025-02-19 16:44:59,5.24
2025-02-19 16:44:59,3.23
2025-02-19 16:44:59,5.66
2025-02-19 16:44:59,9.65
2025-02-19 16:44:59,1.36
2025-02-19 16:44:59,6.34
2025-02-19 16:44:59,1.75
2025-02-19 16:44:59,3.21
2025-02-19 16:45:00,6.60
2025-02-19 16:45:00,6.55
2025-02-19 16:45:00,6.86
2025-02-19 16:45:00,1.61
2025-02-19 16:45:00,2.97
2025-02-19 16:45:00,2.57
2025-02-19 16:45:00,1.18
2025-02-19 16:45:00,1.77
2025-02-19 16:45:00,10.1
2025-02-19 16:45:01,19.5
2025-02-19 16:45:01,4.46
2025-02-19 16:45:01,6.17
2025-02-19 16:45:01,1.39
2025-02-19 16:45:01,4.71
2025-02-19 16:45:01,14.2
2025-02-19 16:45:01,2.65
2025-02-19 16:45:01,4.23
2025-02-19 16:45:01,2.20
2025-02-19 16:45:02,5.61
2025-02-19 16:45:02,4.55
2025-02-19 16:45:02,9.09
2025-02-19 16:45:02,3.42
2025-02-19 16:45:02,1.14
2025-02-19 16:45:02,4.60
2025-02-19 16:45:02,3.17
2025-02-19 16:45:02,8.41
2025-02-19 16:45:02,4.81
2025-02-19 16:45:03,4.07
2025-02-19 16:45:03,2.47
2025-02-19 16:45:03,11.0
2025-02-19 16:45:03,1.41
2025-02-19 16:45:03,1.43
2025-02-19 16:45:03,5.55
2025-02-19 16:45:03,7.84
2025-02-19 16:45:03,2.89
2025-02-19 16:45:03,6.41
2025-02-19 16:45:04,3.47
2025-02-19 16:45:04,4.21
2025-02-19 16:45:04,1.79
2025-02-19 16:45:04,6.74
2025-02-19 16:45:04,6.05
2025-02-19 16:45:04,3.83
2025-02-19 16:45:04,5.52
2025-02-19 16:45:04,3.83
2025-02-19 16:45:04,4.50
2025-02-19 16:45:05,4.22
2025-02-19 16:45:05,7.10
2025-02-19 16:45:05,8.03
2025-02-19 16:45:05,6.61
2025-02-19 16:45:05,12.5
2025-02-19 16:45:05,6.25
2025-02-19 16:45:05,5.01
2025-02-19 16:45:05,3.04
2025-02-19 16:45:05,4.19
2025-02-19 16:45:06,5.77
2025-02-19 16:45:06,12.0
2025-02-19 16:45:06,9.34
2025-02-19 16:45:06,1.35
2025-02-19 16:45:06,5.44
2025-02-19 16:45:06,3.81
2025-02-19 16:45:06,9.92
2025-02-19 16:45:06,6.39
2025-02-19 16:45:06,1.35
2025-02-19 16:45:07,8.15
2025-02-19 16:45:07,5.98
2025-02-19 16:45:07,10.2
2025-02-19 16:45:07,10.7
2025-02-19 16:45:07,5.85
2025-02-19 16:45:07,1.52
2025-02-19 16:45:07,13.1
2025-02-19 16:45:07,8.52
2025-02-19 16:45:07,5.80
2025-02-19 16:45:08,2.65
2025-02-19 16:45:08,7.95
2025-02-19 16:45:08,4.14
2025-02-19 16:45:08,7.00
2025-02-19 16:45:08,5.81
2025-02-19 16:45:08,3.03
2025-02-19 16:45:08,10.2
2025-02-19 16:45:08,5.69
2025-02-19 16:45:08,6.26
2025-02-19 16:45:09,6.24
2025-02-19 16:45:09,7.99
2025-02-19 16:45:09,3.45
2025-02-19 16:45:09,5.13
2025-02-19 16:45:09,6.36
2025-02-19 16:45:09,1.59
2025-02-19 16:45:09,3.46
2025-02-19 16:45:09,2.10
2025-02-19 16:45:09,4.35
2025-02-19 16:45:09,8.02
2025-02-19 16:45:10,1.60
2025-02-19 16:45:10,2.32
2025-02-19 16:45:10,1.35
2025-02-19 16:45:10,10.8
2025-02-19 16:45:10,7.95
2025-02-19 16:45:10,4.64
2025-02-19 16:45:10,3.82
2025-02-19 16:45:10,13.5
2025-02-19 16:45:10,8.29
2025-02-19 16:45:11,6.84
2025-02-19 16:45:11,6.91
2025-02-19 16:45:11,6.49
2025-02-19 16:45:11,13.8
2025-02-19 16:45:11,7.08
2025-02-19 16:45:11,2.78
2025-02-19 16:45:11,4.03
2025-02-19 16:45:11,5.87
2025-02-19 16:45:12,6.58
2025-02-19 16:45:12,5.49
2025-02-19 16:45:12,8.59
2025-02-19 16:45:12,5.73
2025-02-19 16:45:12,8.56
2025-02-19 16:45:12,6.53
2025-02-19 16:45:12,7.34
2025-02-19 16:45:12,5.69
2025-02-19 16:45:12,3.76
2025-02-19 16:45:13,4.23
2025-02-19 16:45:13,4.69
2025-02-19 16:45:13,4.39
2025-02-19 16:45:13,3.45
2025-02-19 16:45:13,6.64
2025-02-19 16:45:13,3.96
2025-02-19 16:45:13,4.56
2025-02-19 16:45:13,10.2
2025-02-19 16:45:13,6.96
2025-02-19 16:45:13,1.88
2025-02-19 16:45:14,8.20
2025-02-19 16:45:14,1.96
2025-02-19 16:45:14,4.26
2025-02-19 16:45:14,3.09
2025-02-19 16:45:14,5.16
2025-02-19 16:45:14,7.15
2025-02-19 16:45:14,1.68
2025-02-19 16:45:14,6.66
2025-02-19 16:45:14,4.03
2025-02-19 16:45:15,6.35
2025-02-19 16:45:15,5.81
2025-02-19 16:45:15,7.87
2025-02-19 16:45:15,1.56
2025-02-19 16:45:15,3.99
2025-02-19 16:45:15,5.00
2025-02-19 16:45:15,3.03
2025-02-19 16:45:15,7.75
2025-02-19 16:45:15,2.42
2025-02-19 16:45:16,2.64
2025-02-19 16:45:16,6.52
2025-02-19 16:45:16,5.73
2025-02-19 16:45:16,7.46
2025-02-19 16:45:16,1.54
2025-02-19 16:45:16,9.98
2025-02-19 16:45:16,5.13
2025-02-19 16:45:16,9.43
2025-02-19 16:45:16,7.80
2025-02-19 16:45:17,6.35
2025-02-19 16:45:17,8.91
2025-02-19 16:45:17,2.91
2025-02-19 16:45:17,4.69
2025-02-19 16:45:17,2.31
2025-02-19 16:45:17,10.7
2025-02-19 16:45:17,8.04
2025-02-19 16:45:17,3.38
2025-02-19 16:45:17,11.0
2025-02-19 16:45:18,2.64
2025-02-19 16:45:18,3.58
2025-02-19 16:45:18,3.16
2025-02-19 16:45:18,5.65
2025-02-19 16:45:18,1.97
2025-02-19 16:45:18,11.2
2025-02-19 16:45:18,3.65
2025-02-19 16:45:18,3.34
2025-02-19 16:45:18,2.16
2025-02-19 16:45:19,7.65
2025-02-19 16:45:19,5.97
2025-02-19 16:45:19,2.56
2025-02-19 16:45:19,3.23
2025-02-19 16:45:19,4.80
2025-02-19 16:45:19,3.43
2025-02-19 16:45:19,5.39
2025-02-19 16:45:19,5.77
2025-02-19 16:45:19,5.70
2025-02-19 16:45:20,9.73
2025-02-19 16:45:20,4.75
2025-02-19 16:45:20,6.79
2025-02-19 16:45:20,6.72
2025-02-19 16:45:20,2.04
2025-02-19 16:45:20,4.72
2025-02-19 16:45:20,1.38
2025-02-19 16:45:20,3.28
2025-02-19 16:45:20,9.69
2025-02-19 16:45:21,4.82
2025-02-19 16:45:21,5.16
2025-02-19 16:45:21,4.83
2025-02-19 16:45:21,9.09
2025-02-19 16:45:21,5.78
2025-02-19 16:45:21,5.36
2025-02-19 16:45:21,13.6
2025-02-19 16:45:21,5.42
2025-02-19 16:45:21,5.89
2025-02-19 16:45:22,8.86
2025-02-19 16:45:22,8.73
2025-02-19 16:45:22,8.00
2025-02-19 16:45:22,6.53
2025-02-19 16:45:22,5.37
2025-02-19 16:45:22,4.35
2025-02-19 16:45:22,8.55
2025-02-19 16:45:22,3.71
2025-02-19 16:45:22,5.70
2025-02-19 16:45:23,11.9
2025-02-19 16:45:23,2.48
2025-02-19 16:45:23,10.1
2025-02-19 16:45:23,1.86
2025-02-19 16:45:23,1.50
2025-02-19 16:45:23,1.78
2025-02-19 16:45:23,4.31
2025-02-19 16:45:23,8.51
2025-02-19 16:45:23,5.34
2025-02-19 16:45:24,4.06
2025-02-19 16:45:24,1.83
2025-02-19 16:45:24,8.80
2025-02-19 16:45:24,2.09
2025-02-19 16:45:24,5.44
2025-02-19 16:45:24,6.63
2025-02-19 16:45:24,7.29
2025-02-19 16:45:24,1.49
2025-02-19 16:45:24,5.75
2025-02-19 16:45:25,6.28
2025-02-19 16:45:25,7.33
2025-02-19 16:45:25,5.97
2025-02-19 16:45:25,3.84
2025-02-19 16:45:25,7.56
2025-02-19 16:45:25,2.90
2025-02-19 16:45:25,6.61
2025-02-19 16:45:25,6.37
2025-02-19 16:45:25,13.4
2025-02-19 16:45:26,4.36
2025-02-19 16:45:26,2.35
2025-02-19 16:45:26,2.63
2025-02-19 16:45:26,5.98
2025-02-19 16:45:26,4.60
2025-02-19 16:45:26,10.2
2025-02-19 16:45:26,5.25
2025-02-19 16:45:26,3.09
2025-02-19 16:45:26,9.36
2025-02-19 16:45:27,4.40
2025-02-19 16:45:27,1.50
2025-02-19 16:45:27,2.14
2025-02-19 16:45:27,4.08
2025-02-19 16:45:27,10.1
2025-02-19 16:45:27,4.15
2025-02-19 16:45:27,8.83
2025-02-19 16:45:27,6.49
2025-02-19 16:45:27,5.36
2025-02-19 16:45:28,3.88
2025-02-19 16:45:28,3.50
2025-02-19 16:45:28,6.55
2025-02-19 16:45:28,6.12
2025-02-19 16:45:28,5.97
2025-02-19 16:45:28,1.83
2025-02-19 16:45:28,8.96
2025-02-19 16:45:28,9.29
2025-02-19 16:45:28,1.49
2025-02-19 16:45:29,5.86
2025-02-19 16:45:29,2.06
2025-02-19 16:45:29,2.13
2025-02-19 16:45:29,5.31
2025-02-19 16:45:29,5.75
2025-02-19 16:45:29,3.36
2025-02-19 16:45:29,8.70
2025-02-19 16:45:29,5.95
2025-02-19 16:45:29,5.18
2025-02-19 16:45:30,3.83
2025-02-19 16:45:30,5.98
2025-02-19 16:45:30,9.85
2025-02-19 16:45:30,8.26
2025-02-19 16:45:30,7.21
2025-02-19 16:45:30,4.85
2025-02-19 16:45:30,9.68
2025-02-19 16:45:30,2.10
2025-02-19 16:45:30,6.57
2025-02-19 16:45:31,7.19
2025-02-19 16:45:31,7.16
2025-02-19 16:45:31,8.48
2025-02-19 16:45:31,3.30
2025-02-19 16:45:31,2.23
2025-02-19 16:45:31,6.34
2025-02-19 16:45:31,6.96
2025-02-19 16:45:31,12.9
2025-02-19 16:45:31,6.53
2025-02-19 16:45:32,4.06
2025-02-19 16:45:32,6.69
2025-02-19 16:45:32,8.95
2025-02-19 16:45:32,4.13
2025-02-19 16:45:32,7.64
2025-02-19 16:45:32,2.32
2025-02-19 16:45:32,2.60
2025-02-19 16:45:32,8.30
2025-02-19 16:45:32,7.37
2025-02-19 16:45:33,5.38
2025-02-19 16:45:33,2.17
2025-02-19 16:45:33,5.73
2025-02-19 16:45:33,2.19
2025-02-19 16:45:33,2.12
2025-02-19 16:45:33,6.42
2025-02-19 16:45:33,2.93
2025-02-19 16:45:33,2.41
2025-02-19 16:45:33,5.81
2025-02-19 16:45:34,3.67
2025-02-19 16:45:34,2.33
2025-02-19 16:45:34,4.55
2025-02-19 16:45:34,1.93
2025-02-19 16:45:34,7.56
2025-02-19 16:45:34,7.55
2025-02-19 16:45:34,5.66
2025-02-19 16:45:34,9.67
2025-02-19 16:45:34,1.85
2025-02-19 16:45:34,1.87
2025-02-19 16:45:35,2.99
2025-02-19 16:45:35,5.57
2025-02-19 16:45:35,1.45
2025-02-19 16:45:35,2.09
2025-02-19 16:45:35,6.93
2025-02-19 16:45:35,7.86
2025-02-19 16:45:35,1.58
2025-02-19 16:45:35,6.02
2025-02-19 16:45:35,5.07
2025-02-19 16:45:36,8.28
2025-02-19 16:45:36,8.82
2025-02-19 16:45:36,11.5
2025-02-19 16:45:36,7.45
2025-02-19 16:45:36,7.89
2025-02-19 16:45:36,3.90
2025-02-19 16:45:36,3.23
2025-02-19 16:45:36,8.34
2025-02-19 16:45:36,3.37
2025-02-19 16:45:37,5.61
2025-02-19 16:45:37,9.16
2025-02-19 16:45:37,3.08
2025-02-19 16:45:37,6.89
2025-02-19 16:45:37,7.44
2025-02-19 16:45:37,8.66
2025-02-19 16:45:37,4.37
2025-02-19 16:45:37,6.05
2025-02-19 16:45:37,9.72
2025-02-19 16:45:38,6.95
2025-02-19 16:45:38,5.94
2025-02-19 16:45:38,7.36
2025-02-19 16:45:38,6.96
2025-02-19 16:45:38,10.2
2025-02-19 16:45:38,5.31
2025-02-19 16:45:38,6.65
2025-02-19 16:45:38,4.48
2025-02-19 16:45:39,2.30
2025-02-19 16:45:39,1.81
2025-02-19 16:45:39,8.02
2025-02-19 16:45:39,8.40
2025-02-19 16:45:39,5.41
2025-02-19 16:45:39,5.16
2025-02-19 16:45:39,3.44
2025-02-19 16:45:39,1.14
2025-02-19 16:45:39,5.71
2025-02-19 16:45:39,8.04
2025-02-19 16:45:40,9.49
2025-02-19 16:45:40,4.95
2025-02-19 16:45:40,7.75
2025-02-19 16:45:40,4.93
2025-02-19 16:45:40,6.71
2025-02-19 16:45:40,3.61
2025-02-19 16:45:40,4.77
2025-02-19 16:45:40,8.02
2025-02-19 16:45:40,4.89
2025-02-19 16:45:41,8.14
2025-02-19 16:45:41,10.3
2025-02-19 16:45:41,9.06
2025-02-19 16:45:41,5.03
2025-02-19 16:45:41,6.10
2025-02-19 16:45:41,3.12
2025-02-19 16:45:41,4.19
2025-02-19 16:45:41,2.15
2025-02-19 16:45:41,5.80
2025-02-19 16:45:42,7.99
2025-02-19 16:45:42,5.19
2025-02-19 16:45:42,3.32
2025-02-19 16:45:42,9.44
2025-02-19 16:45:42,5.35
2025-02-19 16:45:42,9.09
2025-02-19 16:45:42,12.3
2025-02-19 16:45:42,6.92
2025-02-19 16:45:43,2.14
2025-02-19 16:45:43,8.79
2025-02-19 16:45:43,4.70
2025-02-19 16:45:43,3.85
2025-02-19 16:45:43,7.01
2025-02-19 16:45:43,5.79
2025-02-19 16:45:43,1.07
2025-02-19 16:45:43,4.52
2025-02-19 16:45:43,2.43
2025-02-19 16:45:43,3.43
2025-02-19 16:45:44,5.65
2025-02-19 16:45:44,6.49
2025-02-19 16:45:44,7.89
2025-02-19 16:45:44,3.54
2025-02-19 16:45:44,1.86
2025-02-19 16:45:44,6.67
2025-02-19 16:45:44,7.22
2025-02-19 16:45:44,6.29
2025-02-19 16:45:44,5.78
2025-02-19 16:45:45,3.28
2025-02-19 16:45:45,7.99
2025-02-19 16:45:45,4.99
2025-02-19 16:45:45,2.37
2025-02-19 16:45:45,11.8
2025-02-19 16:45:45,6.74
2025-02-19 16:45:45,5.54
2025-02-19 16:45:45,5.67
2025-02-19 16:45:45,8.03
2025-02-19 16:45:46,3.09
2025-02-19 16:45:46,7.13
2025-02-19 16:45:46,5.14
2025-02-19 16:45:46,8.97
2025-02-19 16:45:46,6.07
2025-02-19 16:45:46,15.0
2025-02-19 16:45:46,2.04
2025-02-19 16:45:46,3.03
2025-02-19 16:45:46,2.33
2025-02-19 16:45:47,3.98
2025-02-19 16:45:47,4.67
2025-02-19 16:45:47,8.31
2025-02-19 16:45:47,11.0
2025-02-19 16:45:47,10.7
2025-02-19 16:45:47,8.15
2025-02-19 16:45:47,9.38
2025-02-19 16:45:47,9.16
2025-02-19 16:45:48,5.27
2025-02-19 16:45:48,3.94
2025-02-19 16:45:48,5.18
2025-02-19 16:45:48,8.96
2025-02-19 16:45:48,1.58
2025-02-19 16:45:48,1.81
2025-02-19 16:45:48,3.62
2025-02-19 16:45:48,6.58
2025-02-19 16:45:48,2.32
2025-02-19 16:45:48,6.42
2025-02-19 16:45:49,6.41
2025-02-19 16:45:49,8.66
2025-02-19 16:45:49,9.70
2025-02-19 16:45:49,10.4
2025-02-19 16:45:49,7.89
2025-02-19 16:45:49,4.86
2025-02-19 16:45:49,8.50
2025-02-19 16:45:49,8.74
2025-02-19 16:45:50,4.91
2025-02-19 16:45:50,6.43
2025-02-19 16:45:50,5.50
2025-02-19 16:45:50,5.41
2025-02-19 16:45:50,2.72
2025-02-19 16:45:50,7.59
2025-02-19 16:45:50,3.86
2025-02-19 16:45:50,10.4
2025-02-19 16:45:50,7.14
2025-02-19 16:45:51,11.2
2025-02-19 16:45:51,1.13
2025-02-19 16:45:51,1.64
2025-02-19 16:45:51,3.62
2025-02-19 16:45:51,3.57
2025-02-19 16:45:51,7.07
2025-02-19 16:45:51,13.2
2025-02-19 16:45:51,6.20
2025-02-19 16:45:51,11.3
2025-02-19 16:45:52,5.13
2025-02-19 16:45:52,8.42
2025-02-19 16:45:52,11.0
2025-02-19 16:45:52,5.95
2025-02-19 16:45:52,10.7
2025-02-19 16:45:52,1.10
2025-02-19 16:45:52,4.79
2025-02-19 16:45:52,6.80
2025-02-19 16:45:52,1.36
2025-02-19 16:45:53,4.96
2025-02-19 16:45:53,2.18
2025-02-19 16:45:53,13.9
2025-02-19 16:45:53,5.46
2025-02-19 16:45:53,6.66
2025-02-19 16:45:53,5.44
2025-02-19 16:45:53,2.05
2025-02-19 16:45:53,10.6
2025-02-19 16:45:53,3.46
2025-02-19 16:45:54,8.56
2025-02-19 16:45:54,2.78
2025-02-19 16:45:54,6.32
2025-02-19 16:45:54,1.72
2025-02-19 16:45:54,4.83
2025-02-19 16:45:54,7.43
2025-02-19 16:45:54,8.36
2025-02-19 16:45:54,4.49
2025-02-19 16:45:54,3.30
2025-02-19 16:45:54,1.25
2025-02-19 16:45:55,2.20
2025-02-19 16:45:55,5.68
2025-02-19 16:45:55,2.32
2025-02-19 16:45:55,7.37
2025-02-19 16:45:55,8.00
2025-02-19 16:45:55,6.00
2025-02-19 16:45:55,13.0
2025-02-19 16:45:55,6.21
2025-02-19 16:45:55,7.78
2025-02-19 16:45:56,7.42
2025-02-19 16:45:56,2.11
2025-02-19 16:45:56,6.26
2025-02-19 16:45:56,4.85
2025-02-19 16:45:56,8.66
2025-02-19 16:45:56,6.93
2025-02-19 16:45:56,7.73
2025-02-19 16:45:56,8.46
2025-02-19 16:45:57,7.96
2025-02-19 16:45:57,12.7
2025-02-19 16:45:57,11.3
2025-02-19 16:45:57,18.7
2025-02-19 16:45:57,10.9
2025-02-19 16:45:57,8.74
2025-02-19 16:45:57,8.45
2025-02-19 16:45:57,7.57
2025-02-19 16:45:57,6.63
2025-02-19 16:45:58,9.57
2025-02-19 16:45:58,6.19
2025-02-19 16:45:58,5.78
2025-02-19 16:45:58,5.54
2025-02-19 16:45:58,12.8
2025-02-19 16:45:58,6.92
2025-02-19 16:45:58,6.95
2025-02-19 16:45:58,2.23
2025-02-19 16:45:58,7.96
2025-02-19 16:45:59,1.80
2025-02-19 16:45:59,1.27
2025-02-19 16:45:59,7.12
2025-02-19 16:45:59,7.62
2025-02-19 16:45:59,7.22
2025-02-19 16:45:59,3.89
2025-02-19 16:45:59,9.89
2025-02-19 16:45:59,6.17
2025-02-19 16:45:59,7.65
2025-02-19 16:46:00,1.28
2025-02-19 16:46:00,12.0
2025-02-19 16:46:00,3.93
2025-02-19 16:46:00,6.60
2025-02-19 16:46:00,6.27
2025-02-19 16:46:00,2.82
2025-02-19 16:46:00,3.49
2025-02-19 16:46:00,6.59
2025-02-19 16:46:00,4.31
2025-02-19 16:46:01,4.93
2025-02-19 16:46:01,5.94
2025-02-19 16:46:01,4.35
2025-02-19 16:46:01,11.5
2025-02-19 16:46:01,10.1
2025-02-19 16:46:01,7.03
2025-02-19 16:46:01,11.4
2025-02-19 16:46:01,3.66
2025-02-19 16:46:01,11.8
2025-02-19 16:46:02,4.01
2025-02-19 16:46:02,3.44
2025-02-19 16:46:02,7.02
2025-02-19 16:46:02,2.43
2025-02-19 16:46:02,3.22
2025-02-19 16:46:02,12.5
2025-02-19 16:46:02,8.44
2025-02-19 16:46:02,8.62
2025-02-19 16:46:02,7.30
2025-02-19 16:46:03,3.75
2025-02-19 16:46:03,7.01
2025-02-19 16:46:03,4.90
2025-02-19 16:46:03,3.95
2025-02-19 16:46:03,5.49
2025-02-19 16:46:03,11.8
2025-02-19 16:46:03,5.60
2025-02-19 16:46:03,3.23
2025-02-19 16:46:03,1.49
2025-02-19 16:46:04,2.62
2025-02-19 16:46:04,6.59
2025-02-19 16:46:04,8.77
2025-02-19 16:46:04,10.7
2025-02-19 16:46:04,7.94
2025-02-19 16:46:04,3.90
2025-02-19 16:46:04,4.14
2025-02-19 16:46:04,5.33
2025-02-19 16:46:04,8.09
2025-02-19 16:46:05,5.69
2025-02-19 16:46:05,4.88
2025-02-19 16:46:05,4.80
2025-02-19 16:46:05,2.67
2025-02-19 16:46:05,7.47
2025-02-19 16:46:05,10.6
2025-02-19 16:46:05,1.19
2025-02-19 16:46:05,3.80
2025-02-19 16:46:05,4.49
2025-02-19 16:46:06,8.13
2025-02-19 16:46:06,2.82
2025-02-19 16:46:06,7.98
2025-02-19 16:46:06,7.75
2025-02-19 16:46:06,14.2
2025-02-19 16:46:06,8.66
2025-02-19 16:46:06,4.79
2025-02-19 16:46:06,6.12
2025-02-19 16:46:06,9.35
2025-02-19 16:46:07,8.14
2025-02-19 16:46:07,14.6
2025-02-19 16:46:07,7.14
2025-02-19 16:46:07,15.6
2025-02-19 16:46:07,2.14
2025-02-19 16:46:07,2.08
2025-02-19 16:46:07,14.6
2025-02-19 16:46:07,8.39
2025-02-19 16:46:07,5.89
2025-02-19 16:46:08,5.90
2025-02-19 16:46:08,6.84
2025-02-19 16:46:08,2.66
2025-02-19 16:46:08,7.46
2025-02-19 16:46:08,2.47
2025-02-19 16:46:08,6.62
2025-02-19 16:46:08,14.1
2025-02-19 16:46:08,6.36
2025-02-19 16:46:08,9.53
2025-02-19 16:46:09,3.74
2025-02-19 16:46:09,6.38
2025-02-19 16:46:09,4.28
2025-02-19 16:46:09,5.29
2025-02-19 16:46:09,1.48
2025-02-19 16:46:09,5.35
2025-02-19 16:46:09,5.23
2025-02-19 16:46:09,12.1
2025-02-19 16:46:09,2.92
2025-02-19 16:46:10,4.55
2025-02-19 16:46:10,4.68
2025-02-19 16:46:10,8.21
2025-02-19 16:46:10,2.74
2025-02-19 16:46:10,8.41
2025-02-19 16:46:10,9.27
2025-02-19 16:46:10,7.72
2025-02-19 16:46:10,7.24
2025-02-19 16:46:10,3.55
2025-02-19 16:46:11,7.32
2025-02-19 16:46:11,7.08
2025-02-19 16:46:11,3.42
2025-02-19 16:46:11,12.0
2025-02-19 16:46:11,3.69
2025-02-19 16:46:11,14.2
2025-02-19 16:46:11,4.77
2025-02-19 16:46:11,4.68
2025-02-19 16:46:11,7.34
2025-02-19 16:46:12,11.8
2025-02-19 16:46:12,5.37
2025-02-19 16:46:12,6.11
2025-02-19 16:46:12,4.98
2025-02-19 16:46:12,11.7
2025-02-19 16:46:12,11.7
2025-02-19 16:46:12,20.3
2025-02-19 16:46:12,2.69
2025-02-19 16:46:12,17.2
2025-02-19 16:46:13,2.48
2025-02-19 16:46:13,2.07
2025-02-19 16:46:13,7.45
2025-02-19 16:46:13,11.0
2025-02-19 16:46:13,8.31
2025-02-19 16:46:13,2.85
2025-02-19 16:46:13,3.69
2025-02-19 16:46:13,2.98
2025-02-19 16:46:13,7.05
2025-02-19 16:46:14,8.02
2025-02-19 16:46:14,9.77
2025-02-19 16:46:14,2.41
2025-02-19 16:46:14,8.44
2025-02-19 16:46:14,8.14
2025-02-19 16:46:14,1.40
2025-02-19 16:46:14,5.33
2025-02-19 16:46:14,1.70
2025-02-19 16:46:14,11.3
2025-02-19 16:46:15,21.6
2025-02-19 16:46:15,6.36
2025-02-19 16:46:15,5.83
2025-02-19 16:46:15,5.28
2025-02-19 16:46:15,13.9
2025-02-19 16:46:15,6.97
2025-02-19 16:46:15,13.2
2025-02-19 16:46:15,3.38
2025-02-19 16:46:16,7.95
2025-02-19 16:46:16,11.7
2025-02-19 16:46:16,9.64
2025-02-19 16:46:16,2.53
2025-02-19 16:46:16,6.11
2025-02-19 16:46:16,6.17
2025-02-19 16:46:16,12.4
2025-02-19 16:46:16,5.13
2025-02-19 16:46:16,4.86
2025-02-19 16:46:17,6.49
2025-02-19 16:46:17,7.66
2025-02-19 16:46:17,8.99
2025-02-19 16:46:17,7.97
2025-02-19 16:46:17,6.94
2025-02-19 16:46:17,7.63
2025-02-19 16:46:17,12.6
2025-02-19 16:46:17,6.31
2025-02-19 16:46:17,8.28
2025-02-19 16:46:18,8.58
2025-02-19 16:46:18,6.61
2025-02-19 16:46:18,4.23
2025-02-19 16:46:18,8.75
2025-02-19 16:46:18,11.0
2025-02-19 16:46:18,8.65
2025-02-19 16:46:18,4.12
2025-02-19 16:46:18,5.26
2025-02-19 16:46:18,9.36
2025-02-19 16:46:19,3.73
2025-02-19 16:46:19,5.82
2025-02-19 16:46:19,6.73
2025-02-19 16:46:19,2.58
2025-02-19 16:46:19,6.93
2025-02-19 16:46:19,6.14
2025-02-19 16:46:19,3.55
2025-02-19 16:46:19,3.29
2025-02-19 16:46:19,7.67
2025-02-19 16:46:20,5.66
2025-02-19 16:46:20,4.93
2025-02-19 16:46:20,6.12
2025-02-19 16:46:20,3.00
2025-02-19 16:46:20,11.2
2025-02-19 16:46:20,6.65
2025-02-19 16:46:20,6.99
2025-02-19 16:46:20,3.92
2025-02-19 16:46:20,3.08
2025-02-19 16:46:21,4.51
2025-02-19 16:46:21,3.73
2025-02-19 16:46:21,1.86
2025-02-19 16:46:21,5.41
2025-02-19 16:46:21,2.07
2025-02-19 16:46:21,2.64
2025-02-19 16:46:21,6.81
2025-02-19 16:46:21,5.37
2025-02-19 16:46:21,4.04
2025-02-19 16:46:22,3.29
2025-02-19 16:46:22,3.89
2025-02-19 16:46:22,5.95
2025-02-19 16:46:22,3.09
2025-02-19 16:46:22,6.86
2025-02-19 16:46:22,6.41
2025-02-19 16:46:22,7.02
2025-02-19 16:46:22,8.02
2025-02-19 16:46:22,1.57
2025-02-19 16:46:23,3.28
2025-02-19 16:46:23,5.70
2025-02-19 16:46:23,6.98
2025-02-19 16:46:23,2.41
2025-02-19 16:46:23,6.07
2025-02-19 16:46:23,4.00
2025-02-19 16:46:23,3.81
2025-02-19 16:46:23,2.05
2025-02-19 16:46:23,2.76
2025-02-19 16:46:24,1.10
2025-02-19 16:46:24,3.34
2025-02-19 16:46:24,3.89
2025-02-19 16:46:24,2.63
2025-02-19 16:46:24,8.86
2025-02-19 16:46:24,1.23
2025-02-19 16:46:24,6.18
2025-02-19 16:46:24,1.69
2025-02-19 16:46:24,10.1
2025-02-19 16:46:24,3.12
2025-02-19 16:46:25,1.67
2025-02-19 16:46:25,4.26
2025-02-19 16:46:25,5.03
2025-02-19 16:46:25,5.35
2025-02-19 16:46:25,4.27
2025-02-19 16:46:25,1.56
2025-02-19 16:46:25,8.70
2025-02-19 16:46:25,6.37
2025-02-19 16:46:25,3.87
2025-02-19 16:46:26,14.8
2025-02-19 16:46:26,12.2
2025-02-19 16:46:26,2.95
2025-02-19 16:46:26,5.32
2025-02-19 16:46:26,7.42
2025-02-19 16:46:26,3.44
2025-02-19 16:46:26,3.73
2025-02-19 16:46:26,4.75
2025-02-19 16:46:27,12.6
2025-02-19 16:46:27,6.96
2025-02-19 16:46:27,2.32
2025-02-19 16:46:27,5.03
2025-02-19 16:46:27,5.00
2025-02-19 16:46:27,5.58
2025-02-19 16:46:27,6.83
2025-02-19 16:46:27,5.03
2025-02-19 16:46:27,1.52
2025-02-19 16:46:27,1.54
2025-02-19 16:46:28,4.33
2025-02-19 16:46:28,3.14
2025-02-19 16:46:28,7.30
2025-02-19 16:46:28,13.6
2025-02-19 16:46:28,8.24
2025-02-19 16:46:28,6.68
2025-02-19 16:46:28,6.59
2025-02-19 16:46:28,5.89
2025-02-19 16:46:28,13.0
2025-02-19 16:46:29,1.13
2025-02-19 16:46:29,1.40
2025-02-19 16:46:29,2.71
2025-02-19 16:46:29,4.77
2025-02-19 16:46:29,4.98
2025-02-19 16:46:29,5.85
2025-02-19 16:46:29,4.68
2025-02-19 16:46:29,5.17
2025-02-19 16:46:29,2.37
2025-02-19 16:46:30,1.92
2025-02-19 16:46:30,9.53
2025-02-19 16:46:30,7.44
2025-02-19 16:46:30,6.95
2025-02-19 16:46:30,3.86
2025-02-19 16:46:30,7.25
2025-02-19 16:46:30,7.26
2025-02-19 16:46:30,2.44
2025-02-19 16:46:30,6.18
2025-02-19 16:46:31,2.75
2025-02-19 16:46:31,2.83
2025-02-19 16:46:31,5.09
2025-02-19 16:46:31,6.58
2025-02-19 16:46:31,6.31
2025-02-19 16:46:31,1.44
2025-02-19 16:46:31,3.76
2025-02-19 16:46:31,5.93
2025-02-19 16:46:31,4.26
2025-02-19 16:46:32,4.64
2025-02-19 16:46:32,4.07
2025-02-19 16:46:32,7.41
2025-02-19 16:46:32,2.11
2025-02-19 16:46:32,5.04
2025-02-19 16:46:32,1.37
2025-02-19 16:46:32,2.42
2025-02-19 16:46:32,5.69
2025-02-19 16:46:32,4.47
2025-02-19 16:46:33,4.29
2025-02-19 16:46:33,6.04
2025-02-19 16:46:33,1.23
2025-02-19 16:46:33,6.81
2025-02-19 16:46:33,8.59
2025-02-19 16:46:33,2.20
2025-02-19 16:46:33,8.05
2025-02-19 16:46:33,6.66
2025-02-19 16:46:33,4.66
2025-02-19 16:46:34,3.96
2025-02-19 16:46:34,3.62
2025-02-19 16:46:34,9.65
2025-02-19 16:46:34,1.75
2025-02-19 16:46:34,1.23
2025-02-19 16:46:34,3.29
2025-02-19 16:46:34,6.64
2025-02-19 16:46:34,8.77
2025-02-19 16:46:34,2.48
2025-02-19 16:46:35,1.65
2025-02-19 16:46:35,11.0
2025-02-19 16:46:35,5.03
2025-02-19 16:46:35,1.30
2025-02-19 16:46:35,1.36
2025-02-19 16:46:35,3.75
2025-02-19 16:46:35,2.86
2025-02-19 16:46:35,1.99
2025-02-19 16:46:35,7.26
2025-02-19 16:46:36,7.75
2025-02-19 16:46:36,3.64
2025-02-19 16:46:36,3.83
2025-02-19 16:46:36,3.60
2025-02-19 16:46:36,8.80
2025-02-19 16:46:36,3.74
2025-02-19 16:46:36,6.57
2025-02-19 16:46:36,4.58
2025-02-19 16:46:36,8.34
2025-02-19 16:46:37,6.99
2025-02-19 16:46:37,9.99
2025-02-19 16:46:37,5.62
2025-02-19 16:46:37,8.69
2025-02-19 16:46:37,5.52
2025-02-19 16:46:37,1.86
2025-02-19 16:46:37,5.78
2025-02-19 16:46:37,3.34
2025-02-19 16:46:37,7.33
2025-02-19 16:46:38,4.57
2025-02-19 16:46:38,3.15
2025-02-19 16:46:38,8.63
2025-02-19 16:46:38,5.28
2025-02-19 16:46:38,4.92
2025-02-19 16:46:38,1.23
2025-02-19 16:46:38,6.84
2025-02-19 16:46:38,7.39
2025-02-19 16:46:38,11.9
2025-02-19 16:46:39,5.39
2025-02-19 16:46:39,4.97
2025-02-19 16:46:39,7.15
2025-02-19 16:46:39,5.49
2025-02-19 16:46:39,2.94
2025-02-19 16:46:39,13.0
2025-02-19 16:46:39,7.16
2025-02-19 16:46:39,4.24
2025-02-19 16:46:39,11.8
2025-02-19 16:46:40,4.98
2025-02-19 16:46:40,2.98
2025-02-19 16:46:40,3.91
2025-02-19 16:46:40,8.89
2025-02-19 16:46:40,1.87
2025-02-19 16:46:40,3.24
2025-02-19 16:46:40,7.70
2025-02-19 16:46:40,7.42
2025-02-19 16:46:40,6.04
2025-02-19 16:46:41,4.54
2025-02-19 16:46:41,3.79
2025-02-19 16:46:41,7.06
2025-02-19 16:46:41,4.12
2025-02-19 16:46:41,8.08
2025-02-19 16:46:41,13.7
2025-02-19 16:46:41,6.86
2025-02-19 16:46:41,5.82
2025-02-19 16:46:41,3.18
2025-02-19 16:46:42,6.56
2025-02-19 16:46:42,1.74
2025-02-19 16:46:42,4.94
2025-02-19 16:46:42,2.52
2025-02-19 16:46:42,2.72
2025-02-19 16:46:42,3.14
2025-02-19 16:46:42,5.92
2025-02-19 16:46:42,8.88
2025-02-19 16:46:42,11.9
2025-02-19 16:46:43,6.95
2025-02-19 16:46:43,7.61
2025-02-19 16:46:43,2.77
2025-02-19 16:46:43,2.03
2025-02-19 16:46:43,1.48
2025-02-19 16:46:43,1.48
2025-02-19 16:46:43,7.91
2025-02-19 16:46:43,7.72
2025-02-19 16:46:43,6.04
2025-02-19 16:46:44,5.32
2025-02-19 16:46:44,4.73
2025-02-19 16:46:44,5.35
2025-02-19 16:46:44,4.64
2025-02-19 16:46:44,2.77
2025-02-19 16:46:44,1.58
2025-02-19 16:46:44,4.07
2025-02-19 16:46:44,3.08
2025-02-19 16:46:44,7.17
2025-02-19 16:46:44,3.94
2025-02-19 16:46:45,6.35
2025-02-19 16:46:45,3.76
2025-02-19 16:46:45,3.47
2025-02-19 16:46:45,4.11
2025-02-19 16:46:45,1.35
2025-02-19 16:46:45,2.71
2025-02-19 16:46:45,3.98
2025-02-19 16:46:45,4.03
2025-02-19 16:46:45,7.00
2025-02-19 16:46:46,2.37
2025-02-19 16:46:46,3.84
2025-02-19 16:46:46,4.96
2025-02-19 16:46:46,6.19
2025-02-19 16:46:46,4.34
2025-02-19 16:46:46,5.24
2025-02-19 16:46:46,8.93
2025-02-19 16:46:46,6.28
2025-02-19 16:46:46,6.35
2025-02-19 16:46:47,3.03
2025-02-19 16:46:47,7.47
2025-02-19 16:46:47,3.53
2025-02-19 16:46:47,3.14
2025-02-19 16:46:47,8.29
2025-02-19 16:46:47,2.59
2025-02-19 16:46:47,4.57
2025-02-19 16:46:47,7.46
2025-02-19 16:46:47,2.50
2025-02-19 16:46:48,8.51
2025-02-19 16:46:48,8.76
2025-02-19 16:46:48,6.56
2025-02-19 16:46:48,1.98
2025-02-19 16:46:48,4.16
2025-02-19 16:46:48,6.49
2025-02-19 16:46:48,7.71
2025-02-19 16:46:48,10.0
2025-02-19 16:46:48,2.13
2025-02-19 16:46:49,5.62
2025-02-19 16:46:49,6.48
2025-02-19 16:46:49,6.79
2025-02-19 16:46:49,4.88
2025-02-19 16:46:49,1.94
2025-02-19 16:46:49,6.80
2025-02-19 16:46:49,5.90
2025-02-19 16:46:49,3.29
2025-02-19 16:46:49,7.20
2025-02-19 16:46:50,1.54
2025-02-19 16:46:50,6.76
2025-02-19 16:46:50,6.60
2025-02-19 16:46:50,6.41
2025-02-19 16:46:50,3.00
2025-02-19 16:46:50,2.79
2025-02-19 16:46:50,3.18
2025-02-19 16:46:50,6.12
2025-02-19 16:46:50,6.89
2025-02-19 16:46:51,1.85
2025-02-19 16:46:51,5.47
2025-02-19 16:46:51,1.90
2025-02-19 16:46:51,8.70
2025-02-19 16:46:51,7.32
2025-02-19 16:46:51,6.00
2025-02-19 16:46:51,8.77
2025-02-19 16:46:51,4.98
2025-02-19 16:46:51,8.46
2025-02-19 16:46:52,2.74
2025-02-19 16:46:52,14.4
2025-02-19 16:46:52,3.54
2025-02-19 16:46:52,5.63
2025-02-19 16:46:52,1.74
2025-02-19 16:46:52,3.40
2025-02-19 16:46:52,7.34
2025-02-19 16:46:52,5.10
2025-02-19 16:46:52,4.43
2025-02-19 16:46:53,4.70
2025-02-19 16:46:53,3.33
2025-02-19 16:46:53,11.3
2025-02-19 16:46:53,7.71
2025-02-19 16:46:53,5.18
2025-02-19 16:46:53,4.76
2025-02-19 16:46:53,5.50
2025-02-19 16:46:53,3.50
2025-02-19 16:46:53,1.20
2025-02-19 16:46:54,11.5
2025-02-19 16:46:54,5.67
2025-02-19 16:46:54,7.56
2025-02-19 16:46:54,4.60
2025-02-19 16:46:54,10.5
2025-02-19 16:46:54,3.90
2025-02-19 16:46:54,7.59
2025-02-19 16:46:54,3.74
2025-02-19 16:46:54,7.77
2025-02-19 16:46:55,5.94
2025-02-19 16:46:55,5.84
2025-02-19 16:46:55,11.0
2025-02-19 16:46:55,7.43
2025-02-19 16:46:55,8.17
2025-02-19 16:46:55,4.02
2025-02-19 16:46:55,3.94
2025-02-19 16:46:55,4.48
2025-02-19 16:46:55,6.12
2025-02-19 16:46:56,5.58
2025-02-19 16:46:56,6.66
2025-02-19 16:46:56,6.73
2025-02-19 16:46:56,2.57
2025-02-19 16:46:56,2.71
2025-02-19 16:46:56,2.89
2025-02-19 16:46:56,10.7
2025-02-19 16:46:56,1.10
2025-02-19 16:46:56,3.40
2025-02-19 16:46:57,2.15
2025-02-19 16:46:57,7.21
2025-02-19 16:46:57,4.34
2025-02-19 16:46:57,7.74
2025-02-19 16:46:57,13.1
2025-02-19 16:46:57,19.3
2025-02-19 16:46:57,2.04
2025-02-19 16:46:57,5.64
2025-02-19 16:46:57,4.60
2025-02-19 16:46:58,2.53
2025-02-19 16:46:58,6.75
2025-02-19 16:46:58,2.48
2025-02-19 16:46:58,1.24
2025-02-19 16:46:58,1.86
2025-02-19 16:46:58,2.44
2025-02-19 16:46:58,4.44
2025-02-19 16:46:58,8.03
2025-02-19 16:46:58,8.43
2025-02-19 16:46:59,7.57
2025-02-19 16:46:59,4.91
2025-02-19 16:46:59,7.30
2025-02-19 16:46:59,18.8
2025-02-19 16:46:59,8.34
2025-02-19 16:46:59,7.69
2025-02-19 16:46:59,3.40
2025-02-19 16:46:59,3.20
2025-02-19 16:46:59,2.47
2025-02-19 16:47:00,1.33
2025-02-19 16:47:00,3.34
2025-02-19 16:47:00,5.21
2025-02-19 16:47:00,3.94
2025-02-19 16:47:00,2.01
2025-02-19 16:47:00,8.85
2025-02-19 16:47:00,2.51
2025-02-19 16:47:00,5.62
2025-02-19 16:47:00,5.90
2025-02-19 16:47:01,6.22
2025-02-19 16:47:01,1.50
2025-02-19 16:47:01,8.34
2025-02-19 16:47:01,3.30
2025-02-19 16:47:01,5.21
2025-02-19 16:47:01,9.69
2025-02-19 16:47:01,5.29
2025-02-19 16:47:01,7.56
2025-02-19 16:47:01,1.66
2025-02-19 16:47:02,6.13
2025-02-19 16:47:02,6.54
2025-02-19 16:47:02,5.97
2025-02-19 16:47:02,7.24
2025-02-19 16:47:02,8.43
2025-02-19 16:47:02,6.45
2025-02-19 16:47:02,1.91
2025-02-19 16:47:02,2.93
2025-02-19 16:47:02,4.10
2025-02-19 16:47:02,4.59
2025-02-19 16:47:03,2.04
2025-02-19 16:47:03,4.85
2025-02-19 16:47:03,6.80
2025-02-19 16:47:03,2.34
2025-02-19 16:47:03,6.39
2025-02-19 16:47:03,6.18
2025-02-19 16:47:03,1.60
2025-02-19 16:47:03,1.07
2025-02-19 16:47:03,6.84
2025-02-19 16:47:04,3.93
2025-02-19 16:47:04,2.25
2025-02-19 16:47:04,1.94
2025-02-19 16:47:04,3.23
2025-02-19 16:47:04,6.05
2025-02-19 16:47:04,5.94
2025-02-19 16:47:04,4.43
2025-02-19 16:47:04,6.44
2025-02-19 16:47:04,1.77
2025-02-19 16:47:05,1.90
2025-02-19 16:47:05,5.17
2025-02-19 16:47:05,4.40
2025-02-19 16:47:05,4.90
2025-02-19 16:47:05,7.87
2025-02-19 16:47:05,4.27
2025-02-19 16:47:05,2.55
2025-02-19 16:47:05,2.13
2025-02-19 16:47:05,10.6
2025-02-19 16:47:06,4.43
2025-02-19 16:47:06,1.34
2025-02-19 16:47:06,6.22
2025-02-19 16:47:06,4.60
2025-02-19 16:47:06,6.18
2025-02-19 16:47:06,5.94
2025-02-19 16:47:06,5.89
2025-02-19 16:47:06,3.30
2025-02-19 16:47:06,5.55
2025-02-19 16:47:07,5.27
2025-02-19 16:47:07,9.07
2025-02-19 16:47:07,8.55
2025-02-19 16:47:07,4.98
2025-02-19 16:47:07,3.91
2025-02-19 16:47:07,3.85
2025-02-19 16:47:07,6.05
2025-02-19 16:47:07,7.87
2025-02-19 16:47:07,7.22
2025-02-19 16:47:08,7.28
2025-02-19 16:47:08,6.46
2025-02-19 16:47:08,5.34
2025-02-19 16:47:08,12.1
2025-02-19 16:47:08,3.11
2025-02-19 16:47:08,17.7
2025-02-19 16:47:08,2.43
2025-02-19 16:47:08,5.65
2025-02-19 16:47:08,7.13
2025-02-19 16:47:09,8.91
2025-02-19 16:47:09,7.46
2025-02-19 16:47:09,8.21
2025-02-19 16:47:09,7.38
2025-02-19 16:47:09,8.68
2025-02-19 16:47:09,1.62
2025-02-19 16:47:09,9.86
2025-02-19 16:47:09,9.00
2025-02-19 16:47:09,9.93
2025-02-19 16:47:10,5.84
2025-02-19 16:47:10,12.5
2025-02-19 16:47:10,5.60
2025-02-19 16:47:10,3.13
2025-02-19 16:47:10,1.93
2025-02-19 16:47:10,2.51
2025-02-19 16:47:10,1.95
2025-02-19 16:47:10,4.12
2025-02-19 16:47:10,1.62
2025-02-19 16:47:11,5.45
2025-02-19 16:47:11,4.86
2025-02-19 16:47:11,9.12
2025-02-19 16:47:11,11.5
2025-02-19 16:47:11,2.66
2025-02-19 16:47:11,6.60
2025-02-19 16:47:11,2.40
2025-02-19 16:47:11,1.72
2025-02-19 16:47:11,2.93
2025-02-19 16:47:12,1.42
2025-02-19 16:47:12,8.50
2025-02-19 16:47:12,3.56
2025-02-19 16:47:12,7.74
2025-02-19 16:47:12,5.42
2025-02-19 16:47:12,12.0
2025-02-19 16:47:12,11.7
2025-02-19 16:47:12,10.6
2025-02-19 16:47:12,8.04
2025-02-19 16:47:13,10.3
2025-02-19 16:47:13,6.71
2025-02-19 16:47:13,5.54
2025-02-19 16:47:13,11.0
2025-02-19 16:47:13,10.8
2025-02-19 16:47:13,2.82
2025-02-19 16:47:13,5.31
2025-02-19 16:47:13,7.80
2025-02-19 16:47:13,10.3
2025-02-19 16:47:14,4.62
2025-02-19 16:47:14,3.46
2025-02-19 16:47:14,6.98
2025-02-19 16:47:14,9.27
2025-02-19 16:47:14,5.79
2025-02-19 16:47:14,3.36
2025-02-19 16:47:14,6.41
2025-02-19 16:47:14,2.12
2025-02-19 16:47:14,4.01
2025-02-19 16:47:15,2.03
2025-02-19 16:47:15,4.64
2025-02-19 16:47:15,6.77
2025-02-19 16:47:15,3.76
2025-02-19 16:47:15,5.90
2025-02-19 16:47:15,2.27
2025-02-19 16:47:15,2.37
2025-02-19 16:47:15,5.28
2025-02-19 16:47:15,3.01
2025-02-19 16:47:16,1.89
2025-02-19 16:47:16,4.26
2025-02-19 16:47:16,8.40
2025-02-19 16:47:16,1.61
2025-02-19 16:47:16,1.60
2025-02-19 16:47:16,7.30
2025-02-19 16:47:16,2.67
2025-02-19 16:47:16,3.80
2025-02-19 16:47:16,9.24
2025-02-19 16:47:17,8.10
2025-02-19 16:47:17,3.90
2025-02-19 16:47:17,3.28
2025-02-19 16:47:17,2.65
2025-02-19 16:47:17,5.02
2025-02-19 16:47:17,4.44
2025-02-19 16:47:17,3.40
2025-02-19 16:47:17,5.88
2025-02-19 16:47:17,8.82
2025-02-19 16:47:18,4.46
2025-02-19 16:47:18,5.53
2025-02-19 16:47:18,6.76
2025-02-19 16:47:18,1.95
2025-02-19 16:47:18,7.88
2025-02-19 16:47:18,5.93
2025-02-19 16:47:18,8.24
2025-02-19 16:47:18,15.5
2025-02-19 16:47:18,7.70
2025-02-19 16:47:19,5.58
2025-02-19 16:47:19,7.41
